Workbook

Sheet Dashboard
A1: NBA Draft Value Analysis (2005–2016 First-Round Picks)
A4: Avg Win Shares 23.85 | D4: Avg Games 438.21 | G4: Bust Rate 13.33% | J4: Highest Value Above Expected Chris Paul
C10: Average WS Bar Chart | L10: Draft vs Career WS Scatter Plot
C26: Career Outcomes Pie Chart | L26: Average BPM Bar Chart
C42: Average Games Bar Chart

Sheet DraftData
A1: Year | B1: Pick | C1: Team | D1: Player | E1: College | F1: Games | G1: Minutes | H1: Points | I1: Rebounds | J1: Assists | K1: FG% | L1: 3P% | M1: FT% | N1: Win Shares | O1: WS/48 | P1: BPM | Q1: VORP | R1: MPG | S1: PPG | T1: RPG | U1: APG | V1: Pick Range | W1: Career Tier | X1: Bust? | Y1: Pick Efficiency | Z1: Value Above Expected
A2: 2005 | B2: 1 | C2: MIL | D2: Andrew Bogut | E2: Utah | F2: 706 | G2: 19862 | H2: 6808 | I2: 6112 | J2: 1546 | K2: 0.535 | L2: 0.12 | M2: 0.557 | N2: 50.6 | O2: 0.122 | P2: 1.2 | Q2: 16 | R2: 28.1 | S2: 9.6 | T2: 8.7 | U2: 2.2 | V2: =IF(DraftData[[#This Row],[Pick]]<=5,"Top 5", IF(DraftData[[#This Row],[Pick]]<=14,"Lottery", IF(DraftData[[#This Row],[Pick]]<=20,"Mid First","Late First"))) -> Top 5 | W2: =IF(DraftData[[#This Row],[Win Shares]]>=80,"Star", IF(DraftData[[#This Row],[Win Shares]]>=30,"Starter", IF(DraftData[[#This Row],[Win Shares]]>=10,"Rotation","Minimal"))) -> Starter | X2: =IF(AND(DraftData[[#This Row],[Pick]]<=14,DraftData[[#This Row],[Win Shares]]<10),"Yes","No") -> No | Y2: =DraftData[[#This Row],[Win Shares]]/DraftData[[#This Row],[Pick]] -> 50.6 | Z2: =DraftData[[#This Row],[Win Shares]]-_xlfn.XLOOKUP(DraftData[[#This Row],[Pick]],'Lookup Tables'!$A$2:$A$31,'Lookup Tables'!$B$2:$B$31) -> 7.0166667
A3: 2005 | B3: 2 | C3: ATL | D3: Marvin Williams | E3: UNC | F3: 1072 | G3: 30159 | H3: 10965 | I3: 5546 | J3: 1373 | K3: 0.443 | L3: 0.361 | M3: 0.808 | N3: 65.1 | O3: 0.104 | P3: -0.4 | Q3: 12.3 | R3: 28.1 | S3: 10.2 | T3: 5.2 | U3: 1.3 | V3: =IF(DraftData[[#This Row],[Pick]]<=5,"Top 5", IF(DraftData[[#This Row],[Pick]]<=14,"Lottery", IF(DraftData[[#This Row],[Pick]]<=20,"Mid First","Late First"))) -> Top 5 | W3: =IF(DraftData[[#This Row],[Win Shares]]>=80,"Star", IF(DraftData[[#This Row],[Win Shares]]>=30,"Starter", IF(DraftData[[#This Row],[Win Shares]]>=10,"Rotation","Minimal"))) -> Starter | X3: =IF(AND(DraftData[[#This Row],[Pick]]<=14,DraftData[[#This Row],[Win Shares]]<10),"Yes","No") -> No | Y3: =DraftData[[#This Row],[Win Shares]]/DraftData[[#This Row],[Pick]] -> 32.55 | Z3: =DraftData[[#This Row],[Win Shares]]-_xlfn.XLOOKUP(DraftData[[#This Row],[Pick]],'Lookup Tables'!$A$2:$A$31,'Lookup Tables'!$B$2:$B$31) -> 25.308333
A4: 2005 | B4: 3 | C4: UTA | D4: Deron Williams | E4: Illinois | F4: 845 | G4: 28865 | H4: 13804 | I4: 2619 | J4: 6819 | K4: 0.445 | L4: 0.357 | M4: 0.822 | N4: 77.3 | O4: 0.129 | P4: 1.9 | Q4: 28.3 | R4: 34.2 | S4: 16.3 | T4: 3.1 | U4: 8.1 | V4: =IF(DraftData[[#This Row],[Pick]]<=5,"Top 5", IF(DraftData[[#This Row],[Pick]]<=14,"Lottery", IF(DraftData[[#This Row],[Pick]]<=20,"Mid First","Late First"))) -> Top 5 | W4: =IF(DraftData[[#This Row],[Win Shares]]>=80,"Star", IF(DraftData[[#This Row],[Win Shares]]>=30,"Starter", IF(DraftData[[#This Row],[Win Shares]]>=10,"Rotation","Minimal"))) -> Starter | X4: =IF(AND(DraftData[[#This Row],[Pick]]<=14,DraftData[[#This Row],[Win Shares]]<10),"Yes","No") -> No | Y4: =DraftData[[#This Row],[Win Shares]]/DraftData[[#This Row],[Pick]] -> 25.766667 | Z4: =DraftData[[#This Row],[Win Shares]]-_xlfn.XLOOKUP(DraftData[[#This Row],[Pick]],'Lookup Tables'!$A$2:$A$31,'Lookup Tables'!$B$2:$B$31) -> 26.533333
A5: 2005 | B5: 4 | C5: NOP | D5: Chris Paul | E5: Wake Forest | F5: 1148 | G5: 39673 | H5: 20844 | I5: 5182 | J5: 10894 | K5: 0.473 | L5: 0.37 | M5: 0.872 | N5: 198.2 | O5: 0.24 | P5: 7.3 | Q5: 93.2 | R5: 34.6 | S5: 18.2 | T5: 4.5 | U5: 9.5 | V5: =IF(DraftData[[#This Row],[Pick]]<=5,"Top 5", IF(DraftData[[#This Row],[Pick]]<=14,"Lottery", IF(DraftData[[#This Row],[Pick]]<=20,"Mid First","Late First"))) -> Top 5 | W5: =IF(DraftData[[#This Row],[Win Shares]]>=80,"Star", IF(DraftData[[#This Row],[Win Shares]]>=30,"Starter", IF(DraftData[[#This Row],[Win Shares]]>=10,"Rotation","Minimal"))) -> Star | X5: =IF(AND(DraftData[[#This Row],[Pick]]<=14,DraftData[[#This Row],[Win Shares]]<10),"Yes","No") -> No | Y5: =DraftData[[#This Row],[Win Shares]]/DraftData[[#This Row],[Pick]] -> 49.55 | Z5: =DraftData[[#This Row],[Win Shares]]-_xlfn.XLOOKUP(DraftData[[#This Row],[Pick]],'Lookup Tables'!$A$2:$A$31,'Lookup Tables'!$B$2:$B$31) -> 149.64167
A6: 2005 | B6: 5 | C6: CHA | D6: Raymond Felton | E6: UNC | F6: 971 | G6: 28829 | H6: 10853 | I6: 2867 | J6: 5096 | K6: 0.412 | L6: 0.329 | M6: 0.79 | N6: 40.2 | O6: 0.067 | P6: -0.6 | Q6: 10.1 | R6: 29.7 | S6: 11.2 | T6: 3 | U6: 5.2 | V6: =IF(DraftData[[#This Row],[Pick]]<=5,"Top 5", IF(DraftData[[#This Row],[Pick]]<=14,"Lottery", IF(DraftData[[#This Row],[Pick]]<=20,"Mid First","Late First"))) -> Top 5 | W6: =IF(DraftData[[#This Row],[Win Shares]]>=80,"Star", IF(DraftData[[#This Row],[Win Shares]]>=30,"Starter", IF(DraftData[[#This Row],[Win Shares]]>=10,"Rotation","Minimal"))) -> Starter | X6: =IF(AND(DraftData[[#This Row],[Pick]]<=14,DraftData[[#This Row],[Win Shares]]<10),"Yes","No") -> No | Y6: =DraftData[[#This Row],[Win Shares]]/DraftData[[#This Row],[Pick]] -> 8.04 | Z6: =DraftData[[#This Row],[Win Shares]]-_xlfn.XLOOKUP(DraftData[[#This Row],[Pick]],'Lookup Tables'!$A$2:$A$31,'Lookup Tables'!$B$2:$B$31) -> 8.8416667
A7: 2005 | B7: 6 | C7: POR | D7: Martell Webster | F7: 580 | G7: 13914 | H7: 5056 | I7: 1811 | J7: 588 | K7: 0.418 | L7: 0.382 | M7: 0.791 | N7: 24.7 | O7: 0.085 | P7: -0.8 | Q7: 4.3 | R7: 24 | S7: 8.7 | T7: 3.1 | U7: 1 | V7: =IF(DraftData[[#This Row],[Pick]]<=5,"Top 5", IF(DraftData[[#This Row],[Pick]]<=14,"Lottery", IF(DraftData[[#This Row],[Pick]]<=20,"Mid First","Late First"))) -> Lottery | W7: =IF(DraftData[[#This Row],[Win Shares]]>=80,"Star", IF(DraftData[[#This Row],[Win Shares]]>=30,"Starter", IF(DraftData[[#This Row],[Win Shares]]>=10,"Rotation","Minimal"))) -> Rotation | X7: =IF(AND(DraftData[[#This Row],[Pick]]<=14,DraftData[[#This Row],[Win Shares]]<10),"Yes","No") -> No | Y7: =DraftData[[#This Row],[Win Shares]]/DraftData[[#This Row],[Pick]] -> 4.1166667 | Z7: =DraftData[[#This Row],[Win Shares]]-_xlfn.XLOOKUP(DraftData[[#This Row],[Pick]],'Lookup Tables'!$A$2:$A$31,'Lookup Tables'!$B$2:$B$31) -> -2.9583333
A8: 2005 | B8: 7 | C8: TOR | D8: Charlie Villanueva | E8: UConn | F8: 656 | G8: 13578 | H8: 6808 | I8: 3019 | J8: 549 | K8: 0.435 | L8: 0.341 | M8: 0.772 | N8: 22.6 | O8: 0.08 | P8: -0.6 | Q8: 4.7 | R8: 20.7 | S8: 10.4 | T8: 4.6 | U8: 0.8 | V8: =IF(DraftData[[#This Row],[Pick]]<=5,"Top 5", IF(DraftData[[#This Row],[Pick]]<=14,"Lottery", IF(DraftData[[#This Row],[Pick]]<=20,"Mid First","Late First"))) -> Lottery | W8: =IF(DraftData[[#This Row],[Win Shares]]>=80,"Star", IF(DraftData[[#This Row],[Win Shares]]>=30,"Starter", IF(DraftData[[#This Row],[Win Shares]]>=10,"Rotation","Minimal"))) -> Rotation | X8: =IF(AND(DraftData[[#This Row],[Pick]]<=14,DraftData[[#This Row],[Win Shares]]<10),"Yes","No") -> No | Y8: =DraftData[[#This Row],[Win Shares]]/DraftData[[#This Row],[Pick]] -> 3.2285714 | Z8: =DraftData[[#This Row],[Win Shares]]-_xlfn.XLOOKUP(DraftData[[#This Row],[Pick]],'Lookup Tables'!$A$2:$A$31,'Lookup Tables'!$B$2:$B$31) -> -11.375
A9: 2005 | B9: 8 | C9: NYK | D9: Channing Frye | E9: Arizona | F9: 890 | G9: 19772 | H9: 7786 | I9: 4002 | J9: 864 | K9: 0.44 | L9: 0.388 | M9: 0.822 | N9: 38.9 | O9: 0.094 | P9: -0.4 | Q9: 8 | R9: 22.2 | S9: 8.7 | T9: 4.5 | U9: 1 | V9: =IF(DraftData[[#This Row],[Pick]]<=5,"Top 5", IF(DraftData[[#This Row],[Pick]]<=14,"Lottery", IF(DraftData[[#This Row],[Pick]]<=20,"Mid First","Late First"))) -> Lottery | W9: =IF(DraftData[[#This Row],[Win Shares]]>=80,"Star", IF(DraftData[[#This Row],[Win Shares]]>=30,"Starter", IF(DraftData[[#This Row],[Win Shares]]>=10,"Rotation","Minimal"))) -> Starter | X9: =IF(AND(DraftData[[#This Row],[Pick]]<=14,DraftData[[#This Row],[Win Shares]]<10),"Yes","No") -> No | Y9: =DraftData[[#This Row],[Win Shares]]/DraftData[[#This Row],[Pick]] -> 4.8625 | Z9: =DraftData[[#This Row],[Win Shares]]-_xlfn.XLOOKUP(DraftData[[#This Row],[Pick]],'Lookup Tables'!$A$2:$A$31,'Lookup Tables'!$B$2:$B$31) -> 17.741667
A10: 2005 | B10: 9 | C10: GSW | D10: Ike Diogu | E10: Arizona State | F10: 225 | G10: 2795 | H10: 1348 | I10: 689 | J10: 69 | K10: 0.509 | L10: 0.5 | M10: 0.786 | N10: 6.5 | O10: 0.112 | P10: -3 | Q10: -0.7 | R10: 12.4 | S10: 6 | T10: 3.1 | U10: 0.3 | V10: =IF(DraftData[[#This Row],[Pick]]<=5,"Top 5", IF(DraftData[[#This Row],[Pick]]<=14,"Lottery", IF(DraftData[[#This Row],[Pick]]<=20,"Mid First","Late First"))) -> Lottery | W10: =IF(DraftData[[#This Row],[Win Shares]]>=80,"Star", IF(DraftData[[#This Row],[Win Shares]]>=30,"Starter", IF(DraftData[[#This Row],[Win Shares]]>=10,"Rotation","Minimal"))) -> Minimal | X10: =IF(AND(DraftData[[#This Row],[Pick]]<=14,DraftData[[#This Row],[Win Shares]]<10),"Yes","No") -> Yes | Y10: =DraftData[[#This Row],[Win Shares]]/DraftData[[#This Row],[Pick]] -> 0.72222222 | Z10: =DraftData[[#This Row],[Win Shares]]-_xlfn.XLOOKUP(DraftData[[#This Row],[Pick]],'Lookup Tables'!$A$2:$A$31,'Lookup Tables'!$B$2:$B$31) -> -30.891667
A11: 2005 | B11: 10 | C11: LAL | D11: Andrew Bynum | F11: 418 | G11: 10690 | H11: 4822 | I11: 3221 | J11: 490 | K11: 0.556 | L11: 0.111 | M11: 0.69 | N11: 37.4 | O11: 0.168 | P11: 1.4 | Q11: 9.1 | R11: 25.6 | S11: 11.5 | T11: 7.7 | U11: 1.2 | V11: =IF(DraftData[[#This Row],[Pick]]<=5,"Top 5", IF(DraftData[[#This Row],[Pick]]<=14,"Lottery", IF(DraftData[[#This Row],[Pick]]<=20,"Mid First","Late First"))) -> Lottery | W11: =IF(DraftData[[#This Row],[Win Shares]]>=80,"Star", IF(DraftData[[#This Row],[Win Shares]]>=30,"Starter", IF(DraftData[[#This Row],[Win Shares]]>=10,"Rotation","Minimal"))) -> Starter | X11: =IF(AND(DraftData[[#This Row],[Pick]]<=14,DraftData[[#This Row],[Win Shares]]<10),"Yes","No") -> No | Y11: =DraftData[[#This Row],[Win Shares]]/DraftData[[#This Row],[Pick]] -> 3.74 | Z11: =DraftData[[#This Row],[Win Shares]]-_xlfn.XLOOKUP(DraftData[[#This Row],[Pick]],'Lookup Tables'!$A$2:$A$31,'Lookup Tables'!$B$2:$B$31) -> 10.55
A12: 2005 | B12: 11 | C12: ORL | D12: Fran Vázquez | V12: =IF(DraftData[[#This Row],[Pick]]<=5,"Top 5", IF(DraftData[[#This Row],[Pick]]<=14,"Lottery", IF(DraftData[[#This Row],[Pick]]<=20,"Mid First","Late First"))) -> Lottery | W12: =IF(DraftData[[#This Row],[Win Shares]]>=80,"Star", IF(DraftData[[#This Row],[Win Shares]]>=30,"Starter", IF(DraftData[[#This Row],[Win Shares]]>=10,"Rotation","Minimal"))) -> Minimal | X12: =IF(AND(DraftData[[#This Row],[Pick]]<=14,DraftData[[#This Row],[Win Shares]]<10),"Yes","No") -> Yes | Y12: =DraftData[[#This Row],[Win Shares]]/DraftData[[#This Row],[Pick]] -> 0 | Z12: =DraftData[[#This Row],[Win Shares]]-_xlfn.XLOOKUP(DraftData[[#This Row],[Pick]],'Lookup Tables'!$A$2:$A$31,'Lookup Tables'!$B$2:$B$31) -> -22.7
A13: 2005 | B13: 12 | C13: LAC | D13: Yaroslav Korolev | F13: 34 | G13: 168 | H13: 39 | I13: 16 | J13: 13 | K13: 0.283 | L13: 0.25 | M13: 0.625 | N13: -0.1 | O13: -0.024 | P13: -5.2 | Q13: -0.1 | R13: 4.9 | S13: 1.1 | T13: 0.5 | U13: 0.4 | V13: =IF(DraftData[[#This Row],[Pick]]<=5,"Top 5", IF(DraftData[[#This Row],[Pick]]<=14,"Lottery", IF(DraftData[[#This Row],[Pick]]<=20,"Mid First","Late First"))) -> Lottery | W13: =IF(DraftData[[#This Row],[Win Shares]]>=80,"Star", IF(DraftData[[#This Row],[Win Shares]]>=30,"Starter", IF(DraftData[[#This Row],[Win Shares]]>=10,"Rotation","Minimal"))) -> Minimal | X13: =IF(AND(DraftData[[#This Row],[Pick]]<=14,DraftData[[#This Row],[Win Shares]]<10),"Yes","No") -> Yes | Y13: =DraftData[[#This Row],[Win Shares]]/DraftData[[#This Row],[Pick]] -> -0.0083333333 | Z13: =DraftData[[#This Row],[Win Shares]]-_xlfn.XLOOKUP(DraftData[[#This Row],[Pick]],'Lookup Tables'!$A$2:$A$31,'Lookup Tables'!$B$2:$B$31) -> -21.416667
A14: 2005 | B14: 13 | C14: CHA | D14: Sean May | E14: UNC | F14: 119 | G14: 1868 | H14: 821 | I14: 481 | J14: 115 | K14: 0.458 | L14: 0.231 | M14: 0.746 | N14: 2.6 | O14: 0.068 | P14: -1.7 | Q14: 0.2 | R14: 15.7 | S14: 6.9 | T14: 4 | U14: 1 | V14: =IF(DraftData[[#This Row],[Pick]]<=5,"Top 5", IF(DraftData[[#This Row],[Pick]]<=14,"Lottery", IF(DraftData[[#This Row],[Pick]]<=20,"Mid First","Late First"))) -> Lottery | W14: =IF(DraftData[[#This Row],[Win Shares]]>=80,"Star", IF(DraftData[[#This Row],[Win Shares]]>=30,"Starter", IF(DraftData[[#This Row],[Win Shares]]>=10,"Rotation","Minimal"))) -> Minimal | X14: =IF(AND(DraftData[[#This Row],[Pick]]<=14,DraftData[[#This Row],[Win Shares]]<10),"Yes","No") -> Yes | Y14: =DraftData[[#This Row],[Win Shares]]/DraftData[[#This Row],[Pick]] -> 0.2 | Z14: =DraftData[[#This Row],[Win Shares]]-_xlfn.XLOOKUP(DraftData[[#This Row],[Pick]],'Lookup Tables'!$A$2:$A$31,'Lookup Tables'!$B$2:$B$31) -> -16.733333
A15: 2005 | B15: 14 | C15: MIN | D15: Rashad McCants | E15: UNC | F15: 249 | G15: 5037 | H15: 2479 | I15: 506 | J15: 331 | K15: 0.431 | L15: 0.368 | M15: 0.741 | N15: 3.6 | O15: 0.035 | P15: -1.7 | Q15: 0.4 | R15: 20.2 | S15: 10 | T15: 2 | U15: 1.3 | V15: =IF(DraftData[[#This Row],[Pick]]<=5,"Top 5", IF(DraftData[[#This Row],[Pick]]<=14,"Lottery", IF(DraftData[[#This Row],[Pick]]<=20,"Mid First","Late First"))) -> Lottery | W15: =IF(DraftData[[#This Row],[Win Shares]]>=80,"Star", IF(DraftData[[#This Row],[Win Shares]]>=30,"Starter", IF(DraftData[[#This Row],[Win Shares]]>=10,"Rotation","Minimal"))) -> Minimal | X15: =IF(AND(DraftData[[#This Row],[Pick]]<=14,DraftData[[#This Row],[Win Shares]]<10),"Yes","No") -> Yes | Y15: =DraftData[[#This Row],[Win Shares]]/DraftData[[#This Row],[Pick]] -> 0.25714286 | Z15: =DraftData[[#This Row],[Win Shares]]-_xlfn.XLOOKUP(DraftData[[#This Row],[Pick]],'Lookup Tables'!$A$2:$A$31,'Lookup Tables'!$B$2:$B$31) -> -11.15
A16: 2005 | B16: 15 | C16: BRK | D16: Antoine Wright | E16: Texas A&M | F16: 297 | G16: 5714 | H16: 1614 | I16: 681 | J16: 295 | K16: 0.412 | L16: 0.304 | M16: 0.674 | N16: 3.1 | O16: 0.026 | P16: -3.7 | Q16: -2.4 | R16: 19.2 | S16: 5.4 | T16: 2.3 | U16: 1 | V16: =IF(DraftData[[#This Row],[Pick]]<=5,"Top 5", IF(DraftData[[#This Row],[Pick]]<=14,"Lottery", IF(DraftData[[#This Row],[Pick]]<=20,"Mid First","Late First"))) -> Mid First | W16: =IF(DraftData[[#This Row],[Win Shares]]>=80,"Star", IF(DraftData[[#This Row],[Win Shares]]>=30,"Starter", IF(DraftData[[#This Row],[Win Shares]]>=10,"Rotation","Minimal"))) -> Minimal | X16: =IF(AND(DraftData[[#This Row],[Pick]]<=14,DraftData[[#This Row],[Win Shares]]<10),"Yes","No") -> No | Y16: =DraftData[[#This Row],[Win Shares]]/DraftData[[#This Row],[Pick]] -> 0.20666667 | Z16: =DraftData[[#This Row],[Win Shares]]-_xlfn.XLOOKUP(DraftData[[#This Row],[Pick]],'Lookup Tables'!$A$2:$A$31,'Lookup Tables'!$B$2:$B$31) -> -22.683333
A17: 2005 | B17: 16 | C17: TOR | D17: Joey Graham | E17: Oklahoma State | F17: 377 | G17: 6117 | H17: 2239 | I17: 1058 | J17: 207 | K17: 0.483 | L17: 0.3 | M17: 0.815 | N17: 7.8 | O17: 0.061 | P17: -3.6 | Q17: -2.4 | R17: 16.2 | S17: 5.9 | T17: 2.8 | U17: 0.5 | V17: =IF(DraftData[[#This Row],[Pick]]<=5,"Top 5", IF(DraftData[[#This Row],[Pick]]<=14,"Lottery", IF(DraftData[[#This Row],[Pick]]<=20,"Mid First","Late First"))) -> Mid First | W17: =IF(DraftData[[#This Row],[Win Shares]]>=80,"Star", IF(DraftData[[#This Row],[Win Shares]]>=30,"Starter", IF(DraftData[[#This Row],[Win Shares]]>=10,"Rotation","Minimal"))) -> Minimal | X17: =IF(AND(DraftData[[#This Row],[Pick]]<=14,DraftData[[#This Row],[Win Shares]]<10),"Yes","No") -> No | Y17: =DraftData[[#This Row],[Win Shares]]/DraftData[[#This Row],[Pick]] -> 0.4875 | Z17: =DraftData[[#This Row],[Win Shares]]-_xlfn.XLOOKUP(DraftData[[#This Row],[Pick]],'Lookup Tables'!$A$2:$A$31,'Lookup Tables'!$B$2:$B$31) -> -9.1833333
A18: 2005 | B18: 17 | C18: IND | D18: Danny Granger | E18: New Mexico | F18: 586 | G18: 18487 | H18: 9855 | I18: 2888 | J18: 1097 | K18: 0.434 | L18: 0.38 | M18: 0.848 | N18: 48.5 | O18: 0.126 | P18: 1.8 | Q18: 17.7 | R18: 31.5 | S18: 16.8 | T18: 4.9 | U18: 1.9 | V18: =IF(DraftData[[#This Row],[Pick]]<=5,"Top 5", IF(DraftData[[#This Row],[Pick]]<=14,"Lottery", IF(DraftData[[#This Row],[Pick]]<=20,"Mid First","Late First"))) -> Mid First | W18: =IF(DraftData[[#This Row],[Win Shares]]>=80,"Star", IF(DraftData[[#This Row],[Win Shares]]>=30,"Starter", IF(DraftData[[#This Row],[Win Shares]]>=10,"Rotation","Minimal"))) -> Starter | X18: =IF(AND(DraftData[[#This Row],[Pick]]<=14,DraftData[[#This Row],[Win Shares]]<10),"Yes","No") -> No | Y18: =DraftData[[#This Row],[Win Shares]]/DraftData[[#This Row],[Pick]] -> 2.8529412 | Z18: =DraftData[[#This Row],[Win Shares]]-_xlfn.XLOOKUP(DraftData[[#This Row],[Pick]],'Lookup Tables'!$A$2:$A$31,'Lookup Tables'!$B$2:$B$31) -> 31.183333
A19: 2005 | B19: 18 | C19: BOS | D19: Gerald Green | F19: 658 | G19: 13026 | H19: 6412 | I19: 1639 | J19: 596 | K19: 0.417 | L19: 0.361 | M19: 0.818 | N19: 18.4 | O19: 0.068 | P19: -1.3 | Q19: 2.4 | R19: 19.8 | S19: 9.7 | T19: 2.5 | U19: 0.9 | V19: =IF(DraftData[[#This Row],[Pick]]<=5,"Top 5", IF(DraftData[[#This Row],[Pick]]<=14,"Lottery", IF(DraftData[[#This Row],[Pick]]<=20,"Mid First","Late First"))) -> Mid First | W19: =IF(DraftData[[#This Row],[Win Shares]]>=80,"Star", IF(DraftData[[#This Row],[Win Shares]]>=30,"Starter", IF(DraftData[[#This Row],[Win Shares]]>=10,"Rotation","Minimal"))) -> Rotation | X19: =IF(AND(DraftData[[#This Row],[Pick]]<=14,DraftData[[#This Row],[Win Shares]]<10),"Yes","No") -> No | Y19: =DraftData[[#This Row],[Win Shares]]/DraftData[[#This Row],[Pick]] -> 1.0222222 | Z19: =DraftData[[#This Row],[Win Shares]]-_xlfn.XLOOKUP(DraftData[[#This Row],[Pick]],'Lookup Tables'!$A$2:$A$31,'Lookup Tables'!$B$2:$B$31) -> 1.0916667
A20: 2005 | B20: 19 | C20: MEM | D20: Hakim Warrick | E20: Syracuse | F20: 526 | G20: 10624 | H20: 4947 | I20: 2117 | J20: 400 | K20: 0.49 | L20: 0.191 | M20: 0.726 | N20: 20.4 | O20: 0.092 | P20: -1.9 | Q20: 0.4 | R20: 20.2 | S20: 9.4 | T20: 4 | U20: 0.8 | V20: =IF(DraftData[[#This Row],[Pick]]<=5,"Top 5", IF(DraftData[[#This Row],[Pick]]<=14,"Lottery", IF(DraftData[[#This Row],[Pick]]<=20,"Mid First","Late First"))) -> Mid First | W20: =IF(DraftData[[#This Row],[Win Shares]]>=80,"Star", IF(DraftData[[#This Row],[Win Shares]]>=30,"Starter", IF(DraftData[[#This Row],[Win Shares]]>=10,"Rotation","Minimal"))) -> Rotation | X20: =IF(AND(DraftData[[#This Row],[Pick]]<=14,DraftData[[#This Row],[Win Shares]]<10),"Yes","No") -> No | Y20: =DraftData[[#This Row],[Win Shares]]/DraftData[[#This Row],[Pick]] -> 1.0736842 | Z20: =DraftData[[#This Row],[Win Shares]]-_xlfn.XLOOKUP(DraftData[[#This Row],[Pick]],'Lookup Tables'!$A$2:$A$31,'Lookup Tables'!$B$2:$B$31) -> 2.825
A21: 2005 | B21: 20 | C21: DEN | D21: Julius Hodge | E21: NC State | F21: 23 | G21: 98 | H21: 28 | I21: 15 | J21: 18 | K21: 0.44 | M21: 0.5 | N21: 0 | O21: 0.003 | P21: -3.7 | Q21: 0 | R21: 4.3 | S21: 1.2 | T21: 0.7 | U21: 0.8 | V21: =IF(DraftData[[#This Row],[Pick]]<=5,"Top 5", IF(DraftData[[#This Row],[Pick]]<=14,"Lottery", IF(DraftData[[#This Row],[Pick]]<=20,"Mid First","Late First"))) -> Mid First | W21: =IF(DraftData[[#This Row],[Win Shares]]>=80,"Star", IF(DraftData[[#This Row],[Win Shares]]>=30,"Starter", IF(DraftData[[#This Row],[Win Shares]]>=10,"Rotation","Minimal"))) -> Minimal | X21: =IF(AND(DraftData[[#This Row],[Pick]]<=14,DraftData[[#This Row],[Win Shares]]<10),"Yes","No") -> No | Y21: =DraftData[[#This Row],[Win Shares]]/DraftData[[#This Row],[Pick]] -> 0 | Z21: =DraftData[[#This Row],[Win Shares]]-_xlfn.XLOOKUP(DraftData[[#This Row],[Pick]],'Lookup Tables'!$A$2:$A$31,'Lookup Tables'!$B$2:$B$31) -> -10.391667
A22: 2005 | B22: 21 | C22: PHO | D22: Nate Robinson | E22: Washington | F22: 618 | G22: 13878 | H22: 6807 | I22: 1446 | J22: 1826 | K22: 0.423 | L22: 0.36 | M22: 0.796 | N22: 27.8 | O22: 0.096 | P22: 0.5 | Q22: 8.6 | R22: 22.5 | S22: 11 | T22: 2.3 | U22: 3 | V22: =IF(DraftData[[#This Row],[Pick]]<=5,"Top 5", IF(DraftData[[#This Row],[Pick]]<=14,"Lottery", IF(DraftData[[#This Row],[Pick]]<=20,"Mid First","Late First"))) -> Late First | W22: =IF(DraftData[[#This Row],[Win Shares]]>=80,"Star", IF(DraftData[[#This Row],[Win Shares]]>=30,"Starter", IF(DraftData[[#This Row],[Win Shares]]>=10,"Rotation","Minimal"))) -> Rotation | X22: =IF(AND(DraftData[[#This Row],[Pick]]<=14,DraftData[[#This Row],[Win Shares]]<10),"Yes","No") -> No | Y22: =DraftData[[#This Row],[Win Shares]]/DraftData[[#This Row],[Pick]] -> 1.3238095 | Z22: =DraftData[[#This Row],[Win Shares]]-_xlfn.XLOOKUP(DraftData[[#This Row],[Pick]],'Lookup Tables'!$A$2:$A$31,'Lookup Tables'!$B$2:$B$31) -> 7.3
A23: 2005 | B23: 22 | C23: DEN | D23: Jarrett Jack | E23: Georgia Tech | F23: 867 | G23: 24140 | H23: 9349 | I23: 2487 | J23: 3952 | K23: 0.44 | L23: 0.343 | M23: 0.855 | N23: 36.8 | O23: 0.073 | P23: -0.9 | Q23: 6.5 | R23: 27.8 | S23: 10.8 | T23: 2.9 | U23: 4.6 | V23: =IF(DraftData[[#This Row],[Pick]]<=5,"Top 5", IF(DraftData[[#This Row],[Pick]]<=14,"Lottery", IF(DraftData[[#This Row],[Pick]]<=20,"Mid First","Late First"))) -> Late First | W23: =IF(DraftData[[#This Row],[Win Shares]]>=80,"Star", IF(DraftData[[#This Row],[Win Shares]]>=30,"Starter", IF(DraftData[[#This Row],[Win Shares]]>=10,"Rotation","Minimal"))) -> Starter | X23: =IF(AND(DraftData[[#This Row],[Pick]]<=14,DraftData[[#This Row],[Win Shares]]<10),"Yes","No") -> No | Y23: =DraftData[[#This Row],[Win Shares]]/DraftData[[#This Row],[Pick]] -> 1.6727273 | Z23: =DraftData[[#This Row],[Win Shares]]-_xlfn.XLOOKUP(DraftData[[#This Row],[Pick]],'Lookup Tables'!$A$2:$A$31,'Lookup Tables'!$B$2:$B$31) -> 18.316667
A24: 2005 | B24: 23 | C24: SAC | D24: Francisco García | E24: Louisville | F24: 549 | G24: 11853 | H24: 4323 | I24: 1400 | J24: 747 | K24: 0.427 | L24: 0.357 | M24: 0.799 | N24: 18.2 | O24: 0.074 | P24: -0.1 | Q24: 5.7 | R24: 21.6 | S24: 7.9 | T24: 2.6 | U24: 1.4 | V24: =IF(DraftData[[#This Row],[Pick]]<=5,"Top 5", IF(DraftData[[#This Row],[Pick]]<=14,"Lottery", IF(DraftData[[#This Row],[Pick]]<=20,"Mid First","Late First"))) -> Late First | W24: =IF(DraftData[[#This Row],[Win Shares]]>=80,"Star", IF(DraftData[[#This Row],[Win Shares]]>=30,"Starter", IF(DraftData[[#This Row],[Win Shares]]>=10,"Rotation","Minimal"))) -> Rotation | X24: =IF(AND(DraftData[[#This Row],[Pick]]<=14,DraftData[[#This Row],[Win Shares]]<10),"Yes","No") -> No | Y24: =DraftData[[#This Row],[Win Shares]]/DraftData[[#This Row],[Pick]] -> 0.79130435 | Z24: =DraftData[[#This Row],[Win Shares]]-_xlfn.XLOOKUP(DraftData[[#This Row],[Pick]],'Lookup Tables'!$A$2:$A$31,'Lookup Tables'!$B$2:$B$31) -> 1.5583333
A25: 2005 | B25: 24 | C25: HOU | D25: Luther Head | E25: Illinois | F25: 348 | G25: 7797 | H25: 2842 | I25: 845 | J25: 747 | K25: 0.423 | L25: 0.388 | M25: 0.773 | N25: 14.7 | O25: 0.09 | P25: 0.1 | Q25: 4.2 | R25: 22.4 | S25: 8.2 | T25: 2.4 | U25: 2.1 | V25: =IF(DraftData[[#This Row],[Pick]]<=5,"Top 5", IF(DraftData[[#This Row],[Pick]]<=14,"Lottery", IF(DraftData[[#This Row],[Pick]]<=20,"Mid First","Late First"))) -> Late First | W25: =IF(DraftData[[#This Row],[Win Shares]]>=80,"Star", IF(DraftData[[#This Row],[Win Shares]]>=30,"Starter", IF(DraftData[[#This Row],[Win Shares]]>=10,"Rotation","Minimal"))) -> Rotation | X25: =IF(AND(DraftData[[#This Row],[Pick]]<=14,DraftData[[#This Row],[Win Shares]]<10),"Yes","No") -> No | Y25: =DraftData[[#This Row],[Win Shares]]/DraftData[[#This Row],[Pick]] -> 0.6125 | Z25: =DraftData[[#This Row],[Win Shares]]-_xlfn.XLOOKUP(DraftData[[#This Row],[Pick]],'Lookup Tables'!$A$2:$A$31,'Lookup Tables'!$B$2:$B$31) -> -9.8
A26: 2005 | B26: 25 | C26: OKC | D26: Johan Petro | F26: 473 | G26: 7262 | H26: 2202 | I26: 1836 | J26: 227 | K26: 0.462 | L26: 0.154 | M26: 0.678 | N26: 5.5 | O26: 0.037 | P26: -4.6 | Q26: -4.6 | R26: 15.4 | S26: 4.7 | T26: 3.9 | U26: 0.5 | V26: =IF(DraftData[[#This Row],[Pick]]<=5,"Top 5", IF(DraftData[[#This Row],[Pick]]<=14,"Lottery", IF(DraftData[[#This Row],[Pick]]<=20,"Mid First","Late First"))) -> Late First | W26: =IF(DraftData[[#This Row],[Win Shares]]>=80,"Star", IF(DraftData[[#This Row],[Win Shares]]>=30,"Starter", IF(DraftData[[#This Row],[Win Shares]]>=10,"Rotation","Minimal"))) -> Minimal | X26: =IF(AND(DraftData[[#This Row],[Pick]]<=14,DraftData[[#This Row],[Win Shares]]<10),"Yes","No") -> No | Y26: =DraftData[[#This Row],[Win Shares]]/DraftData[[#This Row],[Pick]] -> 0.22 | Z26: =DraftData[[#This Row],[Win Shares]]-_xlfn.XLOOKUP(DraftData[[#This Row],[Pick]],'Lookup Tables'!$A$2:$A$31,'Lookup Tables'!$B$2:$B$31) -> -7.4
A27: 2005 | B27: 26 | C27: DET | D27: Jason Maxiell | E27: Cincinnati | F27: 618 | G27: 11379 | H27: 3481 | I27: 2576 | J27: 266 | K27: 0.495 | L27: 0 | M27: 0.564 | N27: 20.3 | O27: 0.086 | P27: -2.5 | Q27: -1.4 | R27: 18.4 | S27: 5.6 | T27: 4.2 | U27: 0.4 | V27: =IF(DraftData[[#This Row],[Pick]]<=5,"Top 5", IF(DraftData[[#This Row],[Pick]]<=14,"Lottery", IF(DraftData[[#This Row],[Pick]]<=20,"Mid First","Late First"))) -> Late First | W27: =IF(DraftData[[#This Row],[Win Shares]]>=80,"Star", IF(DraftData[[#This Row],[Win Shares]]>=30,"Starter", IF(DraftData[[#This Row],[Win Shares]]>=10,"Rotation","Minimal"))) -> Rotation | X27: =IF(AND(DraftData[[#This Row],[Pick]]<=14,DraftData[[#This Row],[Win Shares]]<10),"Yes","No") -> No | Y27: =DraftData[[#This Row],[Win Shares]]/DraftData[[#This Row],[Pick]] -> 0.78076923 | Z27: =DraftData[[#This Row],[Win Shares]]-_xlfn.XLOOKUP(DraftData[[#This Row],[Pick]],'Lookup Tables'!$A$2:$A$31,'Lookup Tables'!$B$2:$B$31) -> -0.1
A28: 2005 | B28: 27 | C28: POR | D28: Linas Kleiza | E28: Missouri | F28: 409 | G28: 8185 | H28: 3561 | I28: 1470 | J28: 321 | K28: 0.435 | L28: 0.335 | M28: 0.763 | N28: 13.6 | O28: 0.08 | P28: -2.3 | Q28: -0.7 | R28: 20 | S28: 8.7 | T28: 3.6 | U28: 0.8 | V28: =IF(DraftData[[#This Row],[Pick]]<=5,"Top 5", IF(DraftData[[#This Row],[Pick]]<=14,"Lottery", IF(DraftData[[#This Row],[Pick]]<=20,"Mid First","Late First"))) -> Late First | W28: =IF(DraftData[[#This Row],[Win Shares]]>=80,"Star", IF(DraftData[[#This Row],[Win Shares]]>=30,"Starter", IF(DraftData[[#This Row],[Win Shares]]>=10,"Rotation","Minimal"))) -> Rotation | X28: =IF(AND(DraftData[[#This Row],[Pick]]<=14,DraftData[[#This Row],[Win Shares]]<10),"Yes","No") -> No | Y28: =DraftData[[#This Row],[Win Shares]]/DraftData[[#This Row],[Pick]] -> 0.5037037 | Z28: =DraftData[[#This Row],[Win Shares]]-_xlfn.XLOOKUP(DraftData[[#This Row],[Pick]],'Lookup Tables'!$A$2:$A$31,'Lookup Tables'!$B$2:$B$31) -> -7.5083333
A29: 2005 | B29: 28 | C29: SAS | D29: Ian Mahinmi | F29: 618 | G29: 10353 | H29: 3209 | I29: 2705 | J29: 357 | K29: 0.533 | L29: 0.16 | M29: 0.612 | N29: 26.1 | O29: 0.121 | P29: -2 | Q29: 0.1 | R29: 16.8 | S29: 5.2 | T29: 4.4 | U29: 0.6 | V29: =IF(DraftData[[#This Row],[Pick]]<=5,"Top 5", IF(DraftData[[#This Row],[Pick]]<=14,"Lottery", IF(DraftData[[#This Row],[Pick]]<=20,"Mid First","Late First"))) -> Late First | W29: =IF(DraftData[[#This Row],[Win Shares]]>=80,"Star", IF(DraftData[[#This Row],[Win Shares]]>=30,"Starter", IF(DraftData[[#This Row],[Win Shares]]>=10,"Rotation","Minimal"))) -> Rotation | X29: =IF(AND(DraftData[[#This Row],[Pick]]<=14,DraftData[[#This Row],[Win Shares]]<10),"Yes","No") -> No | Y29: =DraftData[[#This Row],[Win Shares]]/DraftData[[#This Row],[Pick]] -> 0.93214286 | Z29: =DraftData[[#This Row],[Win Shares]]-_xlfn.XLOOKUP(DraftData[[#This Row],[Pick]],'Lookup Tables'!$A$2:$A$31,'Lookup Tables'!$B$2:$B$31) -> 17.454545
A30: 2005 | B30: 29 | C30: MIA | D30: Wayne Simien | E30: Kansas | F30: 51 | G30: 507 | H30: 169 | I30: 99 | J30: 11 | K30: 0.469 | M30: 0.854 | N30: 0.9 | O30: 0.083 | P30: -4.4 | Q30: -0.3 | R30: 9.9 | S30: 3.3 | T30: 1.9 | U30: 0.2 | V30: =IF(DraftData[[#This Row],[Pick]]<=5,"Top 5", IF(DraftData[[#This Row],[Pick]]<=14,"Lottery", IF(DraftData[[#This Row],[Pick]]<=20,"Mid First","Late First"))) -> Late First | W30: =IF(DraftData[[#This Row],[Win Shares]]>=80,"Star", IF(DraftData[[#This Row],[Win Shares]]>=30,"Starter", IF(DraftData[[#This Row],[Win Shares]]>=10,"Rotation","Minimal"))) -> Minimal | X30: =IF(AND(DraftData[[#This Row],[Pick]]<=14,DraftData[[#This Row],[Win Shares]]<10),"Yes","No") -> No | Y30: =DraftData[[#This Row],[Win Shares]]/DraftData[[#This Row],[Pick]] -> 0.031034483 | Z30: =DraftData[[#This Row],[Win Shares]]-_xlfn.XLOOKUP(DraftData[[#This Row],[Pick]],'Lookup Tables'!$A$2:$A$31,'Lookup Tables'!$B$2:$B$31) -> -4.1666667
A31: 2005 | B31: 30 | C31: NYK | D31: David Lee | E31: Florida | F31: 829 | G31: 24293 | H31: 11232 | I31: 7320 | J31: 1825 | K31: 0.535 | L31: 0.034 | M31: 0.772 | N31: 76 | O31: 0.15 | P31: 1.1 | Q31: 19.2 | R31: 29.3 | S31: 13.5 | T31: 8.8 | U31: 2.2 | V31: =IF(DraftData[[#This Row],[Pick]]<=5,"Top 5", IF(DraftData[[#This Row],[Pick]]<=14,"Lottery", IF(DraftData[[#This Row],[Pick]]<=20,"Mid First","Late First"))) -> Late First | W31: =IF(DraftData[[#This Row],[Win Shares]]>=80,"Star", IF(DraftData[[#This Row],[Win Shares]]>=30,"Starter", IF(DraftData[[#This Row],[Win Shares]]>=10,"Rotation","Minimal"))) -> Starter | X31: =IF(AND(DraftData[[#This Row],[Pick]]<=14,DraftData[[#This Row],[Win Shares]]<10),"Yes","No") -> No | Y31: =DraftData[[#This Row],[Win Shares]]/DraftData[[#This Row],[Pick]] -> 2.5333333 | Z31: =DraftData[[#This Row],[Win Shares]]-_xlfn.XLOOKUP(DraftData[[#This Row],[Pick]],'Lookup Tables'!$A$2:$A$31,'Lookup Tables'!$B$2:$B$31) -> 55.281818
A32: 2006 | B32: 1 | C32: TOR | D32: Andrea Bargnani | F32: 550 | G32: 15806 | H32: 7873 | I32: 2541 | J32: 653 | K32: 0.439 | L32: 0.354 | M32: 0.824 | N32: 18.9 | O32: 0.057 | P32: -1.6 | Q32: 1.5 | R32: 28.7 | S32: 14.3 | T32: 4.6 | U32: 1.2 | V32: =IF(DraftData[[#This Row],[Pick]]<=5,"Top 5", IF(DraftData[[#This Row],[Pick]]<=14,"Lottery", IF(DraftData[[#This Row],[Pick]]<=20,"Mid First","Late First"))) -> Top 5 | W32: =IF(DraftData[[#This Row],[Win Shares]]>=80,"Star", IF(DraftData[[#This Row],[Win Shares]]>=30,"Starter", IF(DraftData[[#This Row],[Win Shares]]>=10,"Rotation","Minimal"))) -> Rotation | X32: =IF(AND(DraftData[[#This Row],[Pick]]<=14,DraftData[[#This Row],[Win Shares]]<10),"Yes","No") -> No | Y32: =DraftData[[#This Row],[Win Shares]]/DraftData[[#This Row],[Pick]] -> 18.9 | Z32: =DraftData[[#This Row],[Win Shares]]-_xlfn.XLOOKUP(DraftData[[#This Row],[Pick]],'Lookup Tables'!$A$2:$A$31,'Lookup Tables'!$B$2:$B$31) -> -24.683333
A33: 2006 | B33: 2 | C33: CHI | D33: LaMarcus Aldridge | E33: Texas | F33: 1068 | G33: 36086 | H33: 20488 | I33: 8702 | J33: 2067 | K33: 0.493 | L33: 0.32 | M33: 0.812 | N33: 115.3 | O33: 0.153 | P33: 1.7 | Q33: 33.3 | R33: 33.8 | S33: 19.2 | T33: 8.1 | U33: 1.9 | V33: =IF(DraftData[[#This Row],[Pick]]<=5,"Top 5", IF(DraftData[[#This Row],[Pick]]<=14,"Lottery", IF(DraftData[[#This Row],[Pick]]<=20,"Mid First","Late First"))) -> Top 5 | W33: =IF(DraftData[[#This Row],[Win Shares]]>=80,"Star", IF(DraftData[[#This Row],[Win Shares]]>=30,"Starter", IF(DraftData[[#This Row],[Win Shares]]>=10,"Rotation","Minimal"))) -> Star | X33: =IF(AND(DraftData[[#This Row],[Pick]]<=14,DraftData[[#This Row],[Win Shares]]<10),"Yes","No") -> No | Y33: =DraftData[[#This Row],[Win Shares]]/DraftData[[#This Row],[Pick]] -> 57.65 | Z33: =DraftData[[#This Row],[Win Shares]]-_xlfn.XLOOKUP(DraftData[[#This Row],[Pick]],'Lookup Tables'!$A$2:$A$31,'Lookup Tables'!$B$2:$B$31) -> 75.508333
A34: 2006 | B34: 3 | C34: CHA | D34: Adam Morrison | E34: Gonzaga | F34: 161 | G34: 3278 | H34: 1200 | I34: 342 | J34: 222 | K34: 0.373 | L34: 0.331 | M34: 0.71 | N34: -1.4 | O34: -0.021 | P34: -5 | Q34: -2.4 | R34: 20.4 | S34: 7.5 | T34: 2.1 | U34: 1.4 | V34: =IF(DraftData[[#This Row],[Pick]]<=5,"Top 5", IF(DraftData[[#This Row],[Pick]]<=14,"Lottery", IF(DraftData[[#This Row],[Pick]]<=20,"Mid First","Late First"))) -> Top 5 | W34: =IF(DraftData[[#This Row],[Win Shares]]>=80,"Star", IF(DraftData[[#This Row],[Win Shares]]>=30,"Starter", IF(DraftData[[#This Row],[Win Shares]]>=10,"Rotation","Minimal"))) -> Minimal | X34: =IF(AND(DraftData[[#This Row],[Pick]]<=14,DraftData[[#This Row],[Win Shares]]<10),"Yes","No") -> Yes | Y34: =DraftData[[#This Row],[Win Shares]]/DraftData[[#This Row],[Pick]] -> -0.46666667 | Z34: =DraftData[[#This Row],[Win Shares]]-_xlfn.XLOOKUP(DraftData[[#This Row],[Pick]],'Lookup Tables'!$A$2:$A$31,'Lookup Tables'!$B$2:$B$31) -> -52.166667
A35: 2006 | B35: 4 | C35: POR | D35: Tyrus Thomas | E35: LSU | F35: 402 | G35: 7932 | H35: 3093 | I35: 1938 | J35: 347 | K35: 0.438 | L35: 0.235 | M35: 0.732 | N35: 13 | O35: 0.078 | P35: -1.2 | Q35: 1.7 | R35: 19.7 | S35: 7.7 | T35: 4.8 | U35: 0.9 | V35: =IF(DraftData[[#This Row],[Pick]]<=5,"Top 5", IF(DraftData[[#This Row],[Pick]]<=14,"Lottery", IF(DraftData[[#This Row],[Pick]]<=20,"Mid First","Late First"))) -> Top 5 | W35: =IF(DraftData[[#This Row],[Win Shares]]>=80,"Star", IF(DraftData[[#This Row],[Win Shares]]>=30,"Starter", IF(DraftData[[#This Row],[Win Shares]]>=10,"Rotation","Minimal"))) -> Rotation | X35: =IF(AND(DraftData[[#This Row],[Pick]]<=14,DraftData[[#This Row],[Win Shares]]<10),"Yes","No") -> No | Y35: =DraftData[[#This Row],[Win Shares]]/DraftData[[#This Row],[Pick]] -> 3.25 | Z35: =DraftData[[#This Row],[Win Shares]]-_xlfn.XLOOKUP(DraftData[[#This Row],[Pick]],'Lookup Tables'!$A$2:$A$31,'Lookup Tables'!$B$2:$B$31) -> -35.558333
A36: 2006 | B36: 5 | C36: ATL | D36: Shelden Williams | E36: Duke | F36: 361 | G36: 5586 | H36: 1618 | I36: 1562 | J36: 163 | K36: 0.462 | L36: 0.222 | M36: 0.74 | N36: 9.9 | O36: 0.085 | P36: -3 | Q36: -1.5 | R36: 15.5 | S36: 4.5 | T36: 4.3 | U36: 0.5 | V36: =IF(DraftData[[#This Row],[Pick]]<=5,"Top 5", IF(DraftData[[#This Row],[Pick]]<=14,"Lottery", IF(DraftData[[#This Row],[Pick]]<=20,"Mid First","Late First"))) -> Top 5 | W36: =IF(DraftData[[#This Row],[Win Shares]]>=80,"Star", IF(DraftData[[#This Row],[Win Shares]]>=30,"Starter", IF(DraftData[[#This Row],[Win Shares]]>=10,"Rotation","Minimal"))) -> Minimal | X36: =IF(AND(DraftData[[#This Row],[Pick]]<=14,DraftData[[#This Row],[Win Shares]]<10),"Yes","No") -> Yes | Y36: =DraftData[[#This Row],[Win Shares]]/DraftData[[#This Row],[Pick]] -> 1.98 | Z36: =DraftData[[#This Row],[Win Shares]]-_xlfn.XLOOKUP(DraftData[[#This Row],[Pick]],'Lookup Tables'!$A$2:$A$31,'Lookup Tables'!$B$2:$B$31) -> -21.458333
A37: 2006 | B37: 6 | C37: MIN | D37: Brandon Roy | E37: Washington | F37: 326 | G37: 11561 | H37: 6136 | I37: 1388 | J37: 1517 | K37: 0.459 | L37: 0.348 | M37: 0.8 | N37: 37.4 | O37: 0.155 | P37: 3.6 | Q37: 16.3 | R37: 35.5 | S37: 18.8 | T37: 4.3 | U37: 4.7 | V37: =IF(DraftData[[#This Row],[Pick]]<=5,"Top 5", IF(DraftData[[#This Row],[Pick]]<=14,"Lottery", IF(DraftData[[#This Row],[Pick]]<=20,"Mid First","Late First"))) -> Lottery | W37: =IF(DraftData[[#This Row],[Win Shares]]>=80,"Star", IF(DraftData[[#This Row],[Win Shares]]>=30,"Starter", IF(DraftData[[#This Row],[Win Shares]]>=10,"Rotation","Minimal"))) -> Starter | X37: =IF(AND(DraftData[[#This Row],[Pick]]<=14,DraftData[[#This Row],[Win Shares]]<10),"Yes","No") -> No | Y37: =DraftData[[#This Row],[Win Shares]]/DraftData[[#This Row],[Pick]] -> 6.2333333 | Z37: =DraftData[[#This Row],[Win Shares]]-_xlfn.XLOOKUP(DraftData[[#This Row],[Pick]],'Lookup Tables'!$A$2:$A$31,'Lookup Tables'!$B$2:$B$31) -> 9.7416667
A38: 2006 | B38: 7 | C38: BOS | D38: Randy Foye | E38: Villanova | F38: 752 | G38: 19279 | H38: 7729 | I38: 1686 | J38: 2112 | K38: 0.401 | L38: 0.366 | M38: 0.852 | N38: 23.5 | O38: 0.058 | P38: -1.2 | Q38: 3.8 | R38: 25.6 | S38: 10.3 | T38: 2.2 | U38: 2.8 | V38: =IF(DraftData[[#This Row],[Pick]]<=5,"Top 5", IF(DraftData[[#This Row],[Pick]]<=14,"Lottery", IF(DraftData[[#This Row],[Pick]]<=20,"Mid First","Late First"))) -> Lottery | W38: =IF(DraftData[[#This Row],[Win Shares]]>=80,"Star", IF(DraftData[[#This Row],[Win Shares]]>=30,"Starter", IF(DraftData[[#This Row],[Win Shares]]>=10,"Rotation","Minimal"))) -> Rotation | X38: =IF(AND(DraftData[[#This Row],[Pick]]<=14,DraftData[[#This Row],[Win Shares]]<10),"Yes","No") -> No | Y38: =DraftData[[#This Row],[Win Shares]]/DraftData[[#This Row],[Pick]] -> 3.3571429 | Z38: =DraftData[[#This Row],[Win Shares]]-_xlfn.XLOOKUP(DraftData[[#This Row],[Pick]],'Lookup Tables'!$A$2:$A$31,'Lookup Tables'!$B$2:$B$31) -> -10.475
A39: 2006 | B39: 8 | C39: HOU | D39: Rudy Gay | E39: UConn | F39: 1044 | G39: 33406 | H39: 17215 | I39: 6040 | J39: 2206 | K39: 0.453 | L39: 0.349 | M39: 0.799 | N39: 60.3 | O39: 0.087 | P39: 0.7 | Q39: 22.9 | R39: 32 | S39: 16.5 | T39: 5.8 | U39: 2.1 | V39: =IF(DraftData[[#This Row],[Pick]]<=5,"Top 5", IF(DraftData[[#This Row],[Pick]]<=14,"Lottery", IF(DraftData[[#This Row],[Pick]]<=20,"Mid First","Late First"))) -> Lottery | W39: =IF(DraftData[[#This Row],[Win Shares]]>=80,"Star", IF(DraftData[[#This Row],[Win Shares]]>=30,"Starter", IF(DraftData[[#This Row],[Win Shares]]>=10,"Rotation","Minimal"))) -> Starter | X39: =IF(AND(DraftData[[#This Row],[Pick]]<=14,DraftData[[#This Row],[Win Shares]]<10),"Yes","No") -> No | Y39: =DraftData[[#This Row],[Win Shares]]/DraftData[[#This Row],[Pick]] -> 7.5375 | Z39: =DraftData[[#This Row],[Win Shares]]-_xlfn.XLOOKUP(DraftData[[#This Row],[Pick]],'Lookup Tables'!$A$2:$A$31,'Lookup Tables'!$B$2:$B$31) -> 39.141667
A40: 2006 | B40: 9 | C40: GSW | D40: Patrick O'Bryant | E40: Bradley | F40: 90 | G40: 524 | H40: 186 | I40: 127 | J40: 25 | K40: 0.494 | L40: 0 | M40: 0.583 | N40: 0.5 | O40: 0.046 | P40: -4.6 | Q40: -0.3 | R40: 5.8 | S40: 2.1 | T40: 1.4 | U40: 0.3 | V40: =IF(DraftData[[#This Row],[Pick]]<=5,"Top 5", IF(DraftData[[#This Row],[Pick]]<=14,"Lottery", IF(DraftData[[#This Row],[Pick]]<=20,"Mid First","Late First"))) -> Lottery | W40: =IF(DraftData[[#This Row],[Win Shares]]>=80,"Star", IF(DraftData[[#This Row],[Win Shares]]>=30,"Starter", IF(DraftData[[#This Row],[Win Shares]]>=10,"Rotation","Minimal"))) -> Minimal | X40: =IF(AND(DraftData[[#This Row],[Pick]]<=14,DraftData[[#This Row],[Win Shares]]<10),"Yes","No") -> Yes | Y40: =DraftData[[#This Row],[Win Shares]]/DraftData[[#This Row],[Pick]] -> 0.055555556 | Z40: =DraftData[[#This Row],[Win Shares]]-_xlfn.XLOOKUP(DraftData[[#This Row],[Pick]],'Lookup Tables'!$A$2:$A$31,'Lookup Tables'!$B$2:$B$31) -> -36.891667
A41: 2006 | B41: 10 | C41: OKC | D41: Mouhamed Sene | F41: 47 | G41: 260 | H41: 103 | I41: 75 | J41: 1 | K41: 0.427 | M41: 0.589 | N41: 0.3 | O41: 0.052 | P41: -5.1 | Q41: -0.2 | R41: 5.5 | S41: 2.2 | T41: 1.6 | U41: 0 | V41: =IF(DraftData[[#This Row],[Pick]]<=5,"Top 5", IF(DraftData[[#This Row],[Pick]]<=14,"Lottery", IF(DraftData[[#This Row],[Pick]]<=20,"Mid First","Late First"))) -> Lottery | W41: =IF(DraftData[[#This Row],[Win Shares]]>=80,"Star", IF(DraftData[[#This Row],[Win Shares]]>=30,"Starter", IF(DraftData[[#This Row],[Win Shares]]>=10,"Rotation","Minimal"))) -> Minimal | X41: =IF(AND(DraftData[[#This Row],[Pick]]<=14,DraftData[[#This Row],[Win Shares]]<10),"Yes","No") -> Yes | Y41: =DraftData[[#This Row],[Win Shares]]/DraftData[[#This Row],[Pick]] -> 0.03 | Z41: =DraftData[[#This Row],[Win Shares]]-_xlfn.XLOOKUP(DraftData[[#This Row],[Pick]],'Lookup Tables'!$A$2:$A$31,'Lookup Tables'!$B$2:$B$31) -> -26.55
A42: 2006 | B42: 11 | C42: ORL | D42: J.J. Redick | E42: Duke | F42: 940 | G42: 23964 | H42: 12028 | I42: 1903 | J42: 1862 | K42: 0.447 | L42: 0.415 | M42: 0.892 | N42: 63.7 | O42: 0.128 | P42: 0.6 | Q42: 16 | R42: 25.5 | S42: 12.8 | T42: 2 | U42: 2 | V42: =IF(DraftData[[#This Row],[Pick]]<=5,"Top 5", IF(DraftData[[#This Row],[Pick]]<=14,"Lottery", IF(DraftData[[#This Row],[Pick]]<=20,"Mid First","Late First"))) -> Lottery | W42: =IF(DraftData[[#This Row],[Win Shares]]>=80,"Star", IF(DraftData[[#This Row],[Win Shares]]>=30,"Starter", IF(DraftData[[#This Row],[Win Shares]]>=10,"Rotation","Minimal"))) -> Starter | X42: =IF(AND(DraftData[[#This Row],[Pick]]<=14,DraftData[[#This Row],[Win Shares]]<10),"Yes","No") -> No | Y42: =DraftData[[#This Row],[Win Shares]]/DraftData[[#This Row],[Pick]] -> 5.7909091 | Z42: =DraftData[[#This Row],[Win Shares]]-_xlfn.XLOOKUP(DraftData[[#This Row],[Pick]],'Lookup Tables'!$A$2:$A$31,'Lookup Tables'!$B$2:$B$31) -> 41
A43: 2006 | B43: 12 | C43: CHA | D43: Hilton Armstrong | E43: UConn | F43: 292 | G43: 3378 | H43: 880 | I43: 766 | J43: 102 | K43: 0.501 | L43: 0.286 | M43: 0.582 | N43: 3.9 | O43: 0.055 | P43: -4.1 | Q43: -1.8 | R43: 11.6 | S43: 3 | T43: 2.6 | U43: 0.3 | V43: =IF(DraftData[[#This Row],[Pick]]<=5,"Top 5", IF(DraftData[[#This Row],[Pick]]<=14,"Lottery", IF(DraftData[[#This Row],[Pick]]<=20,"Mid First","Late First"))) -> Lottery | W43: =IF(DraftData[[#This Row],[Win Shares]]>=80,"Star", IF(DraftData[[#This Row],[Win Shares]]>=30,"Starter", IF(DraftData[[#This Row],[Win Shares]]>=10,"Rotation","Minimal"))) -> Minimal | X43: =IF(AND(DraftData[[#This Row],[Pick]]<=14,DraftData[[#This Row],[Win Shares]]<10),"Yes","No") -> Yes | Y43: =DraftData[[#This Row],[Win Shares]]/DraftData[[#This Row],[Pick]] -> 0.325 | Z43: =DraftData[[#This Row],[Win Shares]]-_xlfn.XLOOKUP(DraftData[[#This Row],[Pick]],'Lookup Tables'!$A$2:$A$31,'Lookup Tables'!$B$2:$B$31) -> -17.416667
A44: 2006 | B44: 13 | C44: PHI | D44: Thabo Sefolosha | F44: 869 | G44: 19062 | H44: 4994 | I44: 3252 | J44: 1196 | K44: 0.449 | L44: 0.349 | M44: 0.732 | N44: 39.3 | O44: 0.099 | P44: 0.6 | Q44: 12.4 | R44: 21.9 | S44: 5.7 | T44: 3.7 | U44: 1.4 | V44: =IF(DraftData[[#This Row],[Pick]]<=5,"Top 5", IF(DraftData[[#This Row],[Pick]]<=14,"Lottery", IF(DraftData[[#This Row],[Pick]]<=20,"Mid First","Late First"))) -> Lottery | W44: =IF(DraftData[[#This Row],[Win Shares]]>=80,"Star", IF(DraftData[[#This Row],[Win Shares]]>=30,"Starter", IF(DraftData[[#This Row],[Win Shares]]>=10,"Rotation","Minimal"))) -> Starter | X44: =IF(AND(DraftData[[#This Row],[Pick]]<=14,DraftData[[#This Row],[Win Shares]]<10),"Yes","No") -> No | Y44: =DraftData[[#This Row],[Win Shares]]/DraftData[[#This Row],[Pick]] -> 3.0230769 | Z44: =DraftData[[#This Row],[Win Shares]]-_xlfn.XLOOKUP(DraftData[[#This Row],[Pick]],'Lookup Tables'!$A$2:$A$31,'Lookup Tables'!$B$2:$B$31) -> 19.966667
A45: 2006 | B45: 14 | C45: UTA | D45: Ronnie Brewer | E45: Arkansas | F45: 502 | G45: 11539 | H45: 3940 | I45: 1427 | J45: 828 | K45: 0.49 | L45: 0.254 | M45: 0.675 | N45: 30.4 | O45: 0.127 | P45: 1.6 | Q45: 10.6 | R45: 23 | S45: 7.8 | T45: 2.8 | U45: 1.6 | V45: =IF(DraftData[[#This Row],[Pick]]<=5,"Top 5", IF(DraftData[[#This Row],[Pick]]<=14,"Lottery", IF(DraftData[[#This Row],[Pick]]<=20,"Mid First","Late First"))) -> Lottery | W45: =IF(DraftData[[#This Row],[Win Shares]]>=80,"Star", IF(DraftData[[#This Row],[Win Shares]]>=30,"Starter", IF(DraftData[[#This Row],[Win Shares]]>=10,"Rotation","Minimal"))) -> Starter | X45: =IF(AND(DraftData[[#This Row],[Pick]]<=14,DraftData[[#This Row],[Win Shares]]<10),"Yes","No") -> No | Y45: =DraftData[[#This Row],[Win Shares]]/DraftData[[#This Row],[Pick]] -> 2.1714286 | Z45: =DraftData[[#This Row],[Win Shares]]-_xlfn.XLOOKUP(DraftData[[#This Row],[Pick]],'Lookup Tables'!$A$2:$A$31,'Lookup Tables'!$B$2:$B$31) -> 15.65
A46: 2006 | B46: 15 | C46: CHA | D46: Cedric Simmons | E46: NC State | F46: 75 | G46: 705 | H46: 163 | I46: 141 | J46: 14 | K46: 0.409 | M46: 0.39 | N46: 0.1 | O46: 0.005 | P46: -5 | Q46: -0.5 | R46: 9.4 | S46: 2.2 | T46: 1.9 | U46: 0.2 | V46: =IF(DraftData[[#This Row],[Pick]]<=5,"Top 5", IF(DraftData[[#This Row],[Pick]]<=14,"Lottery", IF(DraftData[[#This Row],[Pick]]<=20,"Mid First","Late First"))) -> Mid First | W46: =IF(DraftData[[#This Row],[Win Shares]]>=80,"Star", IF(DraftData[[#This Row],[Win Shares]]>=30,"Starter", IF(DraftData[[#This Row],[Win Shares]]>=10,"Rotation","Minimal"))) -> Minimal | X46: =IF(AND(DraftData[[#This Row],[Pick]]<=14,DraftData[[#This Row],[Win Shares]]<10),"Yes","No") -> No | Y46: =DraftData[[#This Row],[Win Shares]]/DraftData[[#This Row],[Pick]] -> 0.0066666667 | Z46: =DraftData[[#This Row],[Win Shares]]-_xlfn.XLOOKUP(DraftData[[#This Row],[Pick]],'Lookup Tables'!$A$2:$A$31,'Lookup Tables'!$B$2:$B$31) -> -25.683333
A47: 2006 | B47: 16 | C47: CHI | D47: Rodney Carney | E47: Memphis | F47: 299 | G47: 4600 | H47: 1778 | I47: 588 | J47: 132 | K47: 0.422 | L47: 0.338 | M47: 0.704 | N47: 6.2 | O47: 0.064 | P47: -1.6 | Q47: 0.5 | R47: 15.4 | S47: 5.9 | T47: 2 | U47: 0.4 | V47: =IF(DraftData[[#This Row],[Pick]]<=5,"Top 5", IF(DraftData[[#This Row],[Pick]]<=14,"Lottery", IF(DraftData[[#This Row],[Pick]]<=20,"Mid First","Late First"))) -> Mid First | W47: =IF(DraftData[[#This Row],[Win Shares]]>=80,"Star", IF(DraftData[[#This Row],[Win Shares]]>=30,"Starter", IF(DraftData[[#This Row],[Win Shares]]>=10,"Rotation","Minimal"))) -> Minimal | X47: =IF(AND(DraftData[[#This Row],[Pick]]<=14,DraftData[[#This Row],[Win Shares]]<10),"Yes","No") -> No | Y47: =DraftData[[#This Row],[Win Shares]]/DraftData[[#This Row],[Pick]] -> 0.3875 | Z47: =DraftData[[#This Row],[Win Shares]]-_xlfn.XLOOKUP(DraftData[[#This Row],[Pick]],'Lookup Tables'!$A$2:$A$31,'Lookup Tables'!$B$2:$B$31) -> -10.783333
A48: 2006 | B48: 17 | C48: IND | D48: Shawne Williams | E48: Memphis | F48: 314 | G48: 5368 | H48: 1769 | I48: 945 | J48: 220 | K48: 0.403 | L48: 0.339 | M48: 0.755 | N48: 6.7 | O48: 0.06 | P48: -2.2 | Q48: -0.3 | R48: 17.1 | S48: 5.6 | T48: 3 | U48: 0.7 | V48: =IF(DraftData[[#This Row],[Pick]]<=5,"Top 5", IF(DraftData[[#This Row],[Pick]]<=14,"Lottery", IF(DraftData[[#This Row],[Pick]]<=20,"Mid First","Late First"))) -> Mid First | W48: =IF(DraftData[[#This Row],[Win Shares]]>=80,"Star", IF(DraftData[[#This Row],[Win Shares]]>=30,"Starter", IF(DraftData[[#This Row],[Win Shares]]>=10,"Rotation","Minimal"))) -> Minimal | X48: =IF(AND(DraftData[[#This Row],[Pick]]<=14,DraftData[[#This Row],[Win Shares]]<10),"Yes","No") -> No | Y48: =DraftData[[#This Row],[Win Shares]]/DraftData[[#This Row],[Pick]] -> 0.39411765 | Z48: =DraftData[[#This Row],[Win Shares]]-_xlfn.XLOOKUP(DraftData[[#This Row],[Pick]],'Lookup Tables'!$A$2:$A$31,'Lookup Tables'!$B$2:$B$31) -> -10.616667
A49: 2006 | B49: 18 | C49: WAS | D49: Oleksiy Pecherov | F49: 111 | G49: 1044 | H49: 438 | I49: 266 | J49: 20 | K49: 0.386 | L49: 0.29 | M49: 0.793 | N49: 0.5 | O49: 0.025 | P49: -4.8 | Q49: -0.7 | R49: 9.4 | S49: 3.9 | T49: 2.4 | U49: 0.2 | V49: =IF(DraftData[[#This Row],[Pick]]<=5,"Top 5", IF(DraftData[[#This Row],[Pick]]<=14,"Lottery", IF(DraftData[[#This Row],[Pick]]<=20,"Mid First","Late First"))) -> Mid First | W49: =IF(DraftData[[#This Row],[Win Shares]]>=80,"Star", IF(DraftData[[#This Row],[Win Shares]]>=30,"Starter", IF(DraftData[[#This Row],[Win Shares]]>=10,"Rotation","Minimal"))) -> Minimal | X49: =IF(AND(DraftData[[#This Row],[Pick]]<=14,DraftData[[#This Row],[Win Shares]]<10),"Yes","No") -> No | Y49: =DraftData[[#This Row],[Win Shares]]/DraftData[[#This Row],[Pick]] -> 0.027777778 | Z49: =DraftData[[#This Row],[Win Shares]]-_xlfn.XLOOKUP(DraftData[[#This Row],[Pick]],'Lookup Tables'!$A$2:$A$31,'Lookup Tables'!$B$2:$B$31) -> -16.808333
A50: 2006 | B50: 19 | C50: SAC | D50: Quincy Douby | E50: Rutgers University | F50: 143 | G50: 1535 | H50: 588 | I50: 152 | J50: 93 | K50: 0.389 | L50: 0.312 | M50: 0.884 | N50: 0 | O50: 0 | P50: -3.5 | Q50: -0.6 | R50: 10.7 | S50: 4.1 | T50: 1.1 | U50: 0.7 | V50: =IF(DraftData[[#This Row],[Pick]]<=5,"Top 5", IF(DraftData[[#This Row],[Pick]]<=14,"Lottery", IF(DraftData[[#This Row],[Pick]]<=20,"Mid First","Late First"))) -> Mid First | W50: =IF(DraftData[[#This Row],[Win Shares]]>=80,"Star", IF(DraftData[[#This Row],[Win Shares]]>=30,"Starter", IF(DraftData[[#This Row],[Win Shares]]>=10,"Rotation","Minimal"))) -> Minimal | X50: =IF(AND(DraftData[[#This Row],[Pick]]<=14,DraftData[[#This Row],[Win Shares]]<10),"Yes","No") -> No | Y50: =DraftData[[#This Row],[Win Shares]]/DraftData[[#This Row],[Pick]] -> 0 | Z50: =DraftData[[#This Row],[Win Shares]]-_xlfn.XLOOKUP(DraftData[[#This Row],[Pick]],'Lookup Tables'!$A$2:$A$31,'Lookup Tables'!$B$2:$B$31) -> -17.575
A51: 2006 | B51: 20 | C51: NYK | D51: Renaldo Balkman | E51: South Carolina | F51: 221 | G51: 3064 | H51: 894 | I51: 769 | J51: 132 | K51: 0.51 | L51: 0.172 | M51: 0.542 | N51: 7.2 | O51: 0.113 | P51: 0.1 | Q51: 1.6 | R51: 13.9 | S51: 4 | T51: 3.5 | U51: 0.6 | V51: =IF(DraftData[[#This Row],[Pick]]<=5,"Top 5", IF(DraftData[[#This Row],[Pick]]<=14,"Lottery", IF(DraftData[[#This Row],[Pick]]<=20,"Mid First","Late First"))) -> Mid First | W51: =IF(DraftData[[#This Row],[Win Shares]]>=80,"Star", IF(DraftData[[#This Row],[Win Shares]]>=30,"Starter", IF(DraftData[[#This Row],[Win Shares]]>=10,"Rotation","Minimal"))) -> Minimal | X51: =IF(AND(DraftData[[#This Row],[Pick]]<=14,DraftData[[#This Row],[Win Shares]]<10),"Yes","No") -> No | Y51: =DraftData[[#This Row],[Win Shares]]/DraftData[[#This Row],[Pick]] -> 0.36 | Z51: =DraftData[[#This Row],[Win Shares]]-_xlfn.XLOOKUP(DraftData[[#This Row],[Pick]],'Lookup Tables'!$A$2:$A$31,'Lookup Tables'!$B$2:$B$31) -> -3.1916667
A52: 2006 | B52: 21 | C52: PHO | D52: Rajon Rondo | E52: Kentucky | F52: 949 | G52: 28440 | H52: 9299 | I52: 4335 | J52: 7542 | K52: 0.456 | L52: 0.323 | M52: 0.612 | N52: 61.5 | O52: 0.104 | P52: 1.2 | Q52: 23.2 | R52: 30 | S52: 9.8 | T52: 4.6 | U52: 7.9 | V52: =IF(DraftData[[#This Row],[Pick]]<=5,"Top 5", IF(DraftData[[#This Row],[Pick]]<=14,"Lottery", IF(DraftData[[#This Row],[Pick]]<=20,"Mid First","Late First"))) -> Late First | W52: =IF(DraftData[[#This Row],[Win Shares]]>=80,"Star", IF(DraftData[[#This Row],[Win Shares]]>=30,"Starter", IF(DraftData[[#This Row],[Win Shares]]>=10,"Rotation","Minimal"))) -> Starter | X52: =IF(AND(DraftData[[#This Row],[Pick]]<=14,DraftData[[#This Row],[Win Shares]]<10),"Yes","No") -> No | Y52: =DraftData[[#This Row],[Win Shares]]/DraftData[[#This Row],[Pick]] -> 2.9285714 | Z52: =DraftData[[#This Row],[Win Shares]]-_xlfn.XLOOKUP(DraftData[[#This Row],[Pick]],'Lookup Tables'!$A$2:$A$31,'Lookup Tables'!$B$2:$B$31) -> 41
A53: 2006 | B53: 22 | C53: BRK | D53: Marcus Williams | E53: UConn | F53: 203 | G53: 3095 | H53: 1128 | I53: 361 | J53: 574 | K53: 0.386 | L53: 0.321 | M53: 0.767 | N53: 0 | O53: -0.001 | P53: -3.3 | Q53: -1 | R53: 15.2 | S53: 5.6 | T53: 1.8 | U53: 2.8 | V53: =IF(DraftData[[#This Row],[Pick]]<=5,"Top 5", IF(DraftData[[#This Row],[Pick]]<=14,"Lottery", IF(DraftData[[#This Row],[Pick]]<=20,"Mid First","Late First"))) -> Late First | W53: =IF(DraftData[[#This Row],[Win Shares]]>=80,"Star", IF(DraftData[[#This Row],[Win Shares]]>=30,"Starter", IF(DraftData[[#This Row],[Win Shares]]>=10,"Rotation","Minimal"))) -> Minimal | X53: =IF(AND(DraftData[[#This Row],[Pick]]<=14,DraftData[[#This Row],[Win Shares]]<10),"Yes","No") -> No | Y53: =DraftData[[#This Row],[Win Shares]]/DraftData[[#This Row],[Pick]] -> 0 | Z53: =DraftData[[#This Row],[Win Shares]]-_xlfn.XLOOKUP(DraftData[[#This Row],[Pick]],'Lookup Tables'!$A$2:$A$31,'Lookup Tables'!$B$2:$B$31) -> -18.483333
A54: 2006 | B54: 23 | C54: BRK | D54: Josh Boone | E54: UConn | F54: 256 | G54: 4482 | H54: 1340 | I54: 1258 | J54: 125 | K54: 0.544 | M54: 0.445 | N54: 9.1 | O54: 0.097 | P54: -2 | Q54: 0 | R54: 17.5 | S54: 5.2 | T54: 4.9 | U54: 0.5 | V54: =IF(DraftData[[#This Row],[Pick]]<=5,"Top 5", IF(DraftData[[#This Row],[Pick]]<=14,"Lottery", IF(DraftData[[#This Row],[Pick]]<=20,"Mid First","Late First"))) -> Late First | W54: =IF(DraftData[[#This Row],[Win Shares]]>=80,"Star", IF(DraftData[[#This Row],[Win Shares]]>=30,"Starter", IF(DraftData[[#This Row],[Win Shares]]>=10,"Rotation","Minimal"))) -> Minimal | X54: =IF(AND(DraftData[[#This Row],[Pick]]<=14,DraftData[[#This Row],[Win Shares]]<10),"Yes","No") -> No | Y54: =DraftData[[#This Row],[Win Shares]]/DraftData[[#This Row],[Pick]] -> 0.39565217 | Z54: =DraftData[[#This Row],[Win Shares]]-_xlfn.XLOOKUP(DraftData[[#This Row],[Pick]],'Lookup Tables'!$A$2:$A$31,'Lookup Tables'!$B$2:$B$31) -> -7.5416667
A55: 2006 | B55: 24 | C55: MEM | D55: Kyle Lowry | E55: Villanova | F55: 1006 | G55: 32057 | H55: 14882 | I55: 4403 | J55: 6359 | K55: 0.424 | L55: 0.367 | M55: 0.813 | N55: 102.5 | O55: 0.154 | P55: 3.1 | Q55: 41.1 | R55: 31.9 | S55: 14.8 | T55: 4.4 | U55: 6.3 | V55: =IF(DraftData[[#This Row],[Pick]]<=5,"Top 5", IF(DraftData[[#This Row],[Pick]]<=14,"Lottery", IF(DraftData[[#This Row],[Pick]]<=20,"Mid First","Late First"))) -> Late First | W55: =IF(DraftData[[#This Row],[Win Shares]]>=80,"Star", IF(DraftData[[#This Row],[Win Shares]]>=30,"Starter", IF(DraftData[[#This Row],[Win Shares]]>=10,"Rotation","Minimal"))) -> Star | X55: =IF(AND(DraftData[[#This Row],[Pick]]<=14,DraftData[[#This Row],[Win Shares]]<10),"Yes","No") -> No | Y55: =DraftData[[#This Row],[Win Shares]]/DraftData[[#This Row],[Pick]] -> 4.2708333 | Z55: =DraftData[[#This Row],[Win Shares]]-_xlfn.XLOOKUP(DraftData[[#This Row],[Pick]],'Lookup Tables'!$A$2:$A$31,'Lookup Tables'!$B$2:$B$31) -> 78
A56: 2006 | B56: 25 | C56: CLE | D56: Shannon Brown | E56: Michigan State | F56: 408 | G56: 7329 | H56: 3118 | I56: 760 | J56: 458 | K56: 0.42 | L56: 0.332 | M56: 0.807 | N56: 9.2 | O56: 0.06 | P56: -1.5 | Q56: 1 | R56: 18 | S56: 7.6 | T56: 1.9 | U56: 1.1 | V56: =IF(DraftData[[#This Row],[Pick]]<=5,"Top 5", IF(DraftData[[#This Row],[Pick]]<=14,"Lottery", IF(DraftData[[#This Row],[Pick]]<=20,"Mid First","Late First"))) -> Late First | W56: =IF(DraftData[[#This Row],[Win Shares]]>=80,"Star", IF(DraftData[[#This Row],[Win Shares]]>=30,"Starter", IF(DraftData[[#This Row],[Win Shares]]>=10,"Rotation","Minimal"))) -> Minimal | X56: =IF(AND(DraftData[[#This Row],[Pick]]<=14,DraftData[[#This Row],[Win Shares]]<10),"Yes","No") -> No | Y56: =DraftData[[#This Row],[Win Shares]]/DraftData[[#This Row],[Pick]] -> 0.368 | Z56: =DraftData[[#This Row],[Win Shares]]-_xlfn.XLOOKUP(DraftData[[#This Row],[Pick]],'Lookup Tables'!$A$2:$A$31,'Lookup Tables'!$B$2:$B$31) -> -3.7
A57: 2006 | B57: 26 | C57: LAL | D57: Jordan Farmar | E57: UCLA | F57: 504 | G57: 9840 | H57: 3888 | I57: 958 | J57: 1453 | K57: 0.423 | L57: 0.374 | M57: 0.739 | N57: 13.9 | O57: 0.068 | P57: -0.5 | Q57: 3.7 | R57: 19.5 | S57: 7.7 | T57: 1.9 | U57: 2.9 | V57: =IF(DraftData[[#This Row],[Pick]]<=5,"Top 5", IF(DraftData[[#This Row],[Pick]]<=14,"Lottery", IF(DraftData[[#This Row],[Pick]]<=20,"Mid First","Late First"))) -> Late First | W57: =IF(DraftData[[#This Row],[Win Shares]]>=80,"Star", IF(DraftData[[#This Row],[Win Shares]]>=30,"Starter", IF(DraftData[[#This Row],[Win Shares]]>=10,"Rotation","Minimal"))) -> Rotation | X57: =IF(AND(DraftData[[#This Row],[Pick]]<=14,DraftData[[#This Row],[Win Shares]]<10),"Yes","No") -> No | Y57: =DraftData[[#This Row],[Win Shares]]/DraftData[[#This Row],[Pick]] -> 0.53461538 | Z57: =DraftData[[#This Row],[Win Shares]]-_xlfn.XLOOKUP(DraftData[[#This Row],[Pick]],'Lookup Tables'!$A$2:$A$31,'Lookup Tables'!$B$2:$B$31) -> -6.5
A58: 2006 | B58: 27 | C58: PHO | D58: Sergio Rodríguez | F58: 353 | G58: 5281 | H58: 1747 | I58: 525 | J58: 1183 | K58: 0.409 | L58: 0.337 | M58: 0.739 | N58: 4.3 | O58: 0.039 | P58: -2 | Q58: 0.1 | R58: 15 | S58: 4.9 | T58: 1.5 | U58: 3.4 | V58: =IF(DraftData[[#This Row],[Pick]]<=5,"Top 5", IF(DraftData[[#This Row],[Pick]]<=14,"Lottery", IF(DraftData[[#This Row],[Pick]]<=20,"Mid First","Late First"))) -> Late First | W58: =IF(DraftData[[#This Row],[Win Shares]]>=80,"Star", IF(DraftData[[#This Row],[Win Shares]]>=30,"Starter", IF(DraftData[[#This Row],[Win Shares]]>=10,"Rotation","Minimal"))) -> Minimal | X58: =IF(AND(DraftData[[#This Row],[Pick]]<=14,DraftData[[#This Row],[Win Shares]]<10),"Yes","No") -> No | Y58: =DraftData[[#This Row],[Win Shares]]/DraftData[[#This Row],[Pick]] -> 0.15925926 | Z58: =DraftData[[#This Row],[Win Shares]]-_xlfn.XLOOKUP(DraftData[[#This Row],[Pick]],'Lookup Tables'!$A$2:$A$31,'Lookup Tables'!$B$2:$B$31) -> -16.808333
A59: 2006 | B59: 28 | C59: DAL | D59: Maurice Ager | E59: Michigan State | F59: 82 | G59: 505 | H59: 169 | I59: 46 | J59: 19 | K59: 0.339 | L59: 0.25 | M59: 0.566 | N59: -0.9 | O59: -0.089 | P59: -9.4 | Q59: -0.9 | R59: 6.2 | S59: 2.1 | T59: 0.6 | U59: 0.2 | V59: =IF(DraftData[[#This Row],[Pick]]<=5,"Top 5", IF(DraftData[[#This Row],[Pick]]<=14,"Lottery", IF(DraftData[[#This Row],[Pick]]<=20,"Mid First","Late First"))) -> Late First | W59: =IF(DraftData[[#This Row],[Win Shares]]>=80,"Star", IF(DraftData[[#This Row],[Win Shares]]>=30,"Starter", IF(DraftData[[#This Row],[Win Shares]]>=10,"Rotation","Minimal"))) -> Minimal | X59: =IF(AND(DraftData[[#This Row],[Pick]]<=14,DraftData[[#This Row],[Win Shares]]<10),"Yes","No") -> No | Y59: =DraftData[[#This Row],[Win Shares]]/DraftData[[#This Row],[Pick]] -> -0.032142857 | Z59: =DraftData[[#This Row],[Win Shares]]-_xlfn.XLOOKUP(DraftData[[#This Row],[Pick]],'Lookup Tables'!$A$2:$A$31,'Lookup Tables'!$B$2:$B$31) -> -9.5454545
A60: 2006 | B60: 29 | C60: NYK | D60: Mardy Collins | E60: Temple | F60: 189 | G60: 2771 | H60: 742 | I60: 336 | J60: 327 | K60: 0.38 | L60: 0.299 | M60: 0.599 | N60: -1.6 | O60: -0.027 | P60: -4.4 | Q60: -1.7 | R60: 14.7 | S60: 3.9 | T60: 1.8 | U60: 1.7 | V60: =IF(DraftData[[#This Row],[Pick]]<=5,"Top 5", IF(DraftData[[#This Row],[Pick]]<=14,"Lottery", IF(DraftData[[#This Row],[Pick]]<=20,"Mid First","Late First"))) -> Late First | W60: =IF(DraftData[[#This Row],[Win Shares]]>=80,"Star", IF(DraftData[[#This Row],[Win Shares]]>=30,"Starter", IF(DraftData[[#This Row],[Win Shares]]>=10,"Rotation","Minimal"))) -> Minimal | X60: =IF(AND(DraftData[[#This Row],[Pick]]<=14,DraftData[[#This Row],[Win Shares]]<10),"Yes","No") -> No | Y60: =DraftData[[#This Row],[Win Shares]]/DraftData[[#This Row],[Pick]] -> -0.055172414 | Z60: =DraftData[[#This Row],[Win Shares]]-_xlfn.XLOOKUP(DraftData[[#This Row],[Pick]],'Lookup Tables'!$A$2:$A$31,'Lookup Tables'!$B$2:$B$31) -> -6.6666667
A61: 2006 | B61: 30 | C61: POR | D61: Joel Freeland | F61: 151 | G61: 1821 | H61: 477 | I61: 518 | J61: 65 | K61: 0.459 | L61: 0 | M61: 0.728 | N61: 3.2 | O61: 0.084 | P61: -3.3 | Q61: -0.6 | R61: 12.1 | S61: 3.2 | T61: 3.4 | U61: 0.4 | V61: =IF(DraftData[[#This Row],[Pick]]<=5,"Top 5", IF(DraftData[[#This Row],[Pick]]<=14,"Lottery", IF(DraftData[[#This Row],[Pick]]<=20,"Mid First","Late First"))) -> Late First | W61: =IF(DraftData[[#This Row],[Win Shares]]>=80,"Star", IF(DraftData[[#This Row],[Win Shares]]>=30,"Starter", IF(DraftData[[#This Row],[Win Shares]]>=10,"Rotation","Minimal"))) -> Minimal | X61: =IF(AND(DraftData[[#This Row],[Pick]]<=14,DraftData[[#This Row],[Win Shares]]<10),"Yes","No") -> No | Y61: =DraftData[[#This Row],[Win Shares]]/DraftData[[#This Row],[Pick]] -> 0.10666667 | Z61: =DraftData[[#This Row],[Win Shares]]-_xlfn.XLOOKUP(DraftData[[#This Row],[Pick]],'Lookup Tables'!$A$2:$A$31,'Lookup Tables'!$B$2:$B$31) -> -17.518182
A62: 2007 | B62: 1 | C62: POR | D62: Greg Oden | E62: Ohio State | F62: 105 | G62: 2028 | H62: 840 | I62: 656 | J62: 51 | K62: 0.574 | M62: 0.658 | N62: 7.3 | O62: 0.174 | P62: -0.4 | Q62: 0.8 | R62: 19.3 | S62: 8 | T62: 6.2 | U62: 0.5 | V62: =IF(DraftData[[#This Row],[Pick]]<=5,"Top 5", IF(DraftData[[#This Row],[Pick]]<=14,"Lottery", IF(DraftData[[#This Row],[Pick]]<=20,"Mid First","Late First"))) -> Top 5 | W62: =IF(DraftData[[#This Row],[Win Shares]]>=80,"Star", IF(DraftData[[#This Row],[Win Shares]]>=30,"Starter", IF(DraftData[[#This Row],[Win Shares]]>=10,"Rotation","Minimal"))) -> Minimal | X62: =IF(AND(DraftData[[#This Row],[Pick]]<=14,DraftData[[#This Row],[Win Shares]]<10),"Yes","No") -> Yes | Y62: =DraftData[[#This Row],[Win Shares]]/DraftData[[#This Row],[Pick]] -> 7.3 | Z62: =DraftData[[#This Row],[Win Shares]]-_xlfn.XLOOKUP(DraftData[[#This Row],[Pick]],'Lookup Tables'!$A$2:$A$31,'Lookup Tables'!$B$2:$B$31) -> -36.283333
A63: 2007 | B63: 2 | C63: OKC | D63: Kevin Durant | E63: Texas | F63: 920 | G63: 33775 | H63: 24936 | I63: 6506 | J63: 3888 | K63: 0.495 | L63: 0.383 | M63: 0.883 | N63: 152.3 | O63: 0.216 | P63: 6.8 | Q63: 74.8 | R63: 36.7 | S63: 27.1 | T63: 7.1 | U63: 4.2 | V63: =IF(DraftData[[#This Row],[Pick]]<=5,"Top 5", IF(DraftData[[#This Row],[Pick]]<=14,"Lottery", IF(DraftData[[#This Row],[Pick]]<=20,"Mid First","Late First"))) -> Top 5 | W63: =IF(DraftData[[#This Row],[Win Shares]]>=80,"Star", IF(DraftData[[#This Row],[Win Shares]]>=30,"Starter", IF(DraftData[[#This Row],[Win Shares]]>=10,"Rotation","Minimal"))) -> Star | X63: =IF(AND(DraftData[[#This Row],[Pick]]<=14,DraftData[[#This Row],[Win Shares]]<10),"Yes","No") -> No | Y63: =DraftData[[#This Row],[Win Shares]]/DraftData[[#This Row],[Pick]] -> 76.15 | Z63: =DraftData[[#This Row],[Win Shares]]-_xlfn.XLOOKUP(DraftData[[#This Row],[Pick]],'Lookup Tables'!$A$2:$A$31,'Lookup Tables'!$B$2:$B$31) -> 112.50833
A64: 2007 | B64: 3 | C64: ATL | D64: Al Horford | E64: Florida | F64: 932 | G64: 30034 | H64: 12802 | I64: 7625 | J64: 3085 | K64: 0.514 | L64: 0.357 | M64: 0.758 | N64: 97.9 | O64: 0.156 | P64: 2.8 | Q64: 36.8 | R64: 32.2 | S64: 13.7 | T64: 8.2 | U64: 3.3 | V64: =IF(DraftData[[#This Row],[Pick]]<=5,"Top 5", IF(DraftData[[#This Row],[Pick]]<=14,"Lottery", IF(DraftData[[#This Row],[Pick]]<=20,"Mid First","Late First"))) -> Top 5 | W64: =IF(DraftData[[#This Row],[Win Shares]]>=80,"Star", IF(DraftData[[#This Row],[Win Shares]]>=30,"Starter", IF(DraftData[[#This Row],[Win Shares]]>=10,"Rotation","Minimal"))) -> Star | X64: =IF(AND(DraftData[[#This Row],[Pick]]<=14,DraftData[[#This Row],[Win Shares]]<10),"Yes","No") -> No | Y64: =DraftData[[#This Row],[Win Shares]]/DraftData[[#This Row],[Pick]] -> 32.633333 | Z64: =DraftData[[#This Row],[Win Shares]]-_xlfn.XLOOKUP(DraftData[[#This Row],[Pick]],'Lookup Tables'!$A$2:$A$31,'Lookup Tables'!$B$2:$B$31) -> 47.133333
A65: 2007 | B65: 4 | C65: MEM | D65: Mike Conley | E65: Ohio State | F65: 938 | G65: 30031 | H65: 13954 | I65: 2815 | J65: 5298 | K65: 0.439 | L65: 0.381 | M65: 0.821 | N65: 85.3 | O65: 0.136 | P65: 2.5 | Q65: 34.1 | R65: 32 | S65: 14.9 | T65: 3 | U65: 5.6 | V65: =IF(DraftData[[#This Row],[Pick]]<=5,"Top 5", IF(DraftData[[#This Row],[Pick]]<=14,"Lottery", IF(DraftData[[#This Row],[Pick]]<=20,"Mid First","Late First"))) -> Top 5 | W65: =IF(DraftData[[#This Row],[Win Shares]]>=80,"Star", IF(DraftData[[#This Row],[Win Shares]]>=30,"Starter", IF(DraftData[[#This Row],[Win Shares]]>=10,"Rotation","Minimal"))) -> Star | X65: =IF(AND(DraftData[[#This Row],[Pick]]<=14,DraftData[[#This Row],[Win Shares]]<10),"Yes","No") -> No | Y65: =DraftData[[#This Row],[Win Shares]]/DraftData[[#This Row],[Pick]] -> 21.325 | Z65: =DraftData[[#This Row],[Win Shares]]-_xlfn.XLOOKUP(DraftData[[#This Row],[Pick]],'Lookup Tables'!$A$2:$A$31,'Lookup Tables'!$B$2:$B$31) -> 36.741667
A66: 2007 | B66: 5 | C66: BOS | D66: Jeff Green | E66: Georgetown | F66: 1030 | G66: 29939 | H66: 13084 | I66: 4441 | J66: 1596 | K66: 0.447 | L66: 0.34 | M66: 0.805 | N66: 49.2 | O66: 0.079 | P66: -1.3 | Q66: 4.9 | R66: 29.1 | S66: 12.7 | T66: 4.3 | U66: 1.5 | V66: =IF(DraftData[[#This Row],[Pick]]<=5,"Top 5", IF(DraftData[[#This Row],[Pick]]<=14,"Lottery", IF(DraftData[[#This Row],[Pick]]<=20,"Mid First","Late First"))) -> Top 5 | W66: =IF(DraftData[[#This Row],[Win Shares]]>=80,"Star", IF(DraftData[[#This Row],[Win Shares]]>=30,"Starter", IF(DraftData[[#This Row],[Win Shares]]>=10,"Rotation","Minimal"))) -> Starter | X66: =IF(AND(DraftData[[#This Row],[Pick]]<=14,DraftData[[#This Row],[Win Shares]]<10),"Yes","No") -> No | Y66: =DraftData[[#This Row],[Win Shares]]/DraftData[[#This Row],[Pick]] -> 9.84 | Z66: =DraftData[[#This Row],[Win Shares]]-_xlfn.XLOOKUP(DraftData[[#This Row],[Pick]],'Lookup Tables'!$A$2:$A$31,'Lookup Tables'!$B$2:$B$31) -> 17.841667
A67: 2007 | B67: 6 | C67: MIL | D67: Yi Jianlian | F67: 272 | G67: 6038 | H67: 2148 | I67: 1339 | J67: 192 | K67: 0.404 | L67: 0.333 | M67: 0.78 | N67: 3.1 | O67: 0.025 | P67: -4.3 | Q67: -3.5 | R67: 22.2 | S67: 7.9 | T67: 4.9 | U67: 0.7 | V67: =IF(DraftData[[#This Row],[Pick]]<=5,"Top 5", IF(DraftData[[#This Row],[Pick]]<=14,"Lottery", IF(DraftData[[#This Row],[Pick]]<=20,"Mid First","Late First"))) -> Lottery | W67: =IF(DraftData[[#This Row],[Win Shares]]>=80,"Star", IF(DraftData[[#This Row],[Win Shares]]>=30,"Starter", IF(DraftData[[#This Row],[Win Shares]]>=10,"Rotation","Minimal"))) -> Minimal | X67: =IF(AND(DraftData[[#This Row],[Pick]]<=14,DraftData[[#This Row],[Win Shares]]<10),"Yes","No") -> Yes | Y67: =DraftData[[#This Row],[Win Shares]]/DraftData[[#This Row],[Pick]] -> 0.51666667 | Z67: =DraftData[[#This Row],[Win Shares]]-_xlfn.XLOOKUP(DraftData[[#This Row],[Pick]],'Lookup Tables'!$A$2:$A$31,'Lookup Tables'!$B$2:$B$31) -> -24.558333
A68: 2007 | B68: 7 | C68: MIN | D68: Corey Brewer | E68: Florida | F68: 819 | G68: 18771 | H68: 7097 | I68: 2287 | J68: 1250 | K68: 0.425 | L68: 0.284 | M68: 0.713 | N68: 22.5 | O68: 0.058 | P68: -1.6 | Q68: 2 | R68: 22.9 | S68: 8.7 | T68: 2.8 | U68: 1.5 | V68: =IF(DraftData[[#This Row],[Pick]]<=5,"Top 5", IF(DraftData[[#This Row],[Pick]]<=14,"Lottery", IF(DraftData[[#This Row],[Pick]]<=20,"Mid First","Late First"))) -> Lottery | W68: =IF(DraftData[[#This Row],[Win Shares]]>=80,"Star", IF(DraftData[[#This Row],[Win Shares]]>=30,"Starter", IF(DraftData[[#This Row],[Win Shares]]>=10,"Rotation","Minimal"))) -> Rotation | X68: =IF(AND(DraftData[[#This Row],[Pick]]<=14,DraftData[[#This Row],[Win Shares]]<10),"Yes","No") -> No | Y68: =DraftData[[#This Row],[Win Shares]]/DraftData[[#This Row],[Pick]] -> 3.2142857 | Z68: =DraftData[[#This Row],[Win Shares]]-_xlfn.XLOOKUP(DraftData[[#This Row],[Pick]],'Lookup Tables'!$A$2:$A$31,'Lookup Tables'!$B$2:$B$31) -> -11.475
A69: 2007 | B69: 8 | C69: CHA | D69: Brandan Wright | E69: UNC | F69: 428 | G69: 6949 | H69: 2976 | I69: 1560 | J69: 199 | K69: 0.607 | L69: 0 | M69: 0.674 | N69: 26.2 | O69: 0.181 | P69: 2.3 | Q69: 7.5 | R69: 16.2 | S69: 7 | T69: 3.6 | U69: 0.5 | V69: =IF(DraftData[[#This Row],[Pick]]<=5,"Top 5", IF(DraftData[[#This Row],[Pick]]<=14,"Lottery", IF(DraftData[[#This Row],[Pick]]<=20,"Mid First","Late First"))) -> Lottery | W69: =IF(DraftData[[#This Row],[Win Shares]]>=80,"Star", IF(DraftData[[#This Row],[Win Shares]]>=30,"Starter", IF(DraftData[[#This Row],[Win Shares]]>=10,"Rotation","Minimal"))) -> Rotation | X69: =IF(AND(DraftData[[#This Row],[Pick]]<=14,DraftData[[#This Row],[Win Shares]]<10),"Yes","No") -> No | Y69: =DraftData[[#This Row],[Win Shares]]/DraftData[[#This Row],[Pick]] -> 3.275 | Z69: =DraftData[[#This Row],[Win Shares]]-_xlfn.XLOOKUP(DraftData[[#This Row],[Pick]],'Lookup Tables'!$A$2:$A$31,'Lookup Tables'!$B$2:$B$31) -> 5.0416667
A70: 2007 | B70: 9 | C70: CHI | D70: Joakim Noah | E70: Florida | F70: 672 | G70: 18646 | H70: 5881 | I70: 6058 | J70: 1907 | K70: 0.491 | L70: 0 | M70: 0.7 | N70: 61.9 | O70: 0.159 | P70: 2.5 | Q70: 20.9 | R70: 27.7 | S70: 8.8 | T70: 9 | U70: 2.8 | V70: =IF(DraftData[[#This Row],[Pick]]<=5,"Top 5", IF(DraftData[[#This Row],[Pick]]<=14,"Lottery", IF(DraftData[[#This Row],[Pick]]<=20,"Mid First","Late First"))) -> Lottery | W70: =IF(DraftData[[#This Row],[Win Shares]]>=80,"Star", IF(DraftData[[#This Row],[Win Shares]]>=30,"Starter", IF(DraftData[[#This Row],[Win Shares]]>=10,"Rotation","Minimal"))) -> Starter | X70: =IF(AND(DraftData[[#This Row],[Pick]]<=14,DraftData[[#This Row],[Win Shares]]<10),"Yes","No") -> No | Y70: =DraftData[[#This Row],[Win Shares]]/DraftData[[#This Row],[Pick]] -> 6.8777778 | Z70: =DraftData[[#This Row],[Win Shares]]-_xlfn.XLOOKUP(DraftData[[#This Row],[Pick]],'Lookup Tables'!$A$2:$A$31,'Lookup Tables'!$B$2:$B$31) -> 24.508333
A71: 2007 | B71: 10 | C71: SAC | D71: Spencer Hawes | E71: Washington | F71: 684 | G71: 15541 | H71: 5932 | I71: 3893 | J71: 1271 | K71: 0.457 | L71: 0.35 | M71: 0.716 | N71: 22.6 | O71: 0.07 | P71: -1.1 | Q71: 3.4 | R71: 22.7 | S71: 8.7 | T71: 5.7 | U71: 1.9 | V71: =IF(DraftData[[#This Row],[Pick]]<=5,"Top 5", IF(DraftData[[#This Row],[Pick]]<=14,"Lottery", IF(DraftData[[#This Row],[Pick]]<=20,"Mid First","Late First"))) -> Lottery | W71: =IF(DraftData[[#This Row],[Win Shares]]>=80,"Star", IF(DraftData[[#This Row],[Win Shares]]>=30,"Starter", IF(DraftData[[#This Row],[Win Shares]]>=10,"Rotation","Minimal"))) -> Rotation | X71: =IF(AND(DraftData[[#This Row],[Pick]]<=14,DraftData[[#This Row],[Win Shares]]<10),"Yes","No") -> No | Y71: =DraftData[[#This Row],[Win Shares]]/DraftData[[#This Row],[Pick]] -> 2.26 | Z71: =DraftData[[#This Row],[Win Shares]]-_xlfn.XLOOKUP(DraftData[[#This Row],[Pick]],'Lookup Tables'!$A$2:$A$31,'Lookup Tables'!$B$2:$B$31) -> -4.25
A72: 2007 | B72: 11 | C72: ATL | D72: Acie Law | E72: Texas A&M | F72: 188 | G72: 2385 | H72: 725 | I72: 195 | J72: 309 | K72: 0.413 | L72: 0.235 | M72: 0.778 | N72: 1.6 | O72: 0.032 | P72: -3.9 | Q72: -1.1 | R72: 12.7 | S72: 3.9 | T72: 1 | U72: 1.6 | V72: =IF(DraftData[[#This Row],[Pick]]<=5,"Top 5", IF(DraftData[[#This Row],[Pick]]<=14,"Lottery", IF(DraftData[[#This Row],[Pick]]<=20,"Mid First","Late First"))) -> Lottery | W72: =IF(DraftData[[#This Row],[Win Shares]]>=80,"Star", IF(DraftData[[#This Row],[Win Shares]]>=30,"Starter", IF(DraftData[[#This Row],[Win Shares]]>=10,"Rotation","Minimal"))) -> Minimal | X72: =IF(AND(DraftData[[#This Row],[Pick]]<=14,DraftData[[#This Row],[Win Shares]]<10),"Yes","No") -> Yes | Y72: =DraftData[[#This Row],[Win Shares]]/DraftData[[#This Row],[Pick]] -> 0.14545455 | Z72: =DraftData[[#This Row],[Win Shares]]-_xlfn.XLOOKUP(DraftData[[#This Row],[Pick]],'Lookup Tables'!$A$2:$A$31,'Lookup Tables'!$B$2:$B$31) -> -21.1
A73: 2007 | B73: 12 | C73: PHI | D73: Thaddeus Young | E73: Georgia Tech | F73: 1061 | G73: 31336 | H73: 13698 | I73: 6239 | J73: 1960 | K73: 0.502 | L73: 0.33 | M73: 0.665 | N73: 67.7 | O73: 0.104 | P73: 0.5 | Q73: 19.5 | R73: 29.5 | S73: 12.9 | T73: 5.9 | U73: 1.8 | V73: =IF(DraftData[[#This Row],[Pick]]<=5,"Top 5", IF(DraftData[[#This Row],[Pick]]<=14,"Lottery", IF(DraftData[[#This Row],[Pick]]<=20,"Mid First","Late First"))) -> Lottery | W73: =IF(DraftData[[#This Row],[Win Shares]]>=80,"Star", IF(DraftData[[#This Row],[Win Shares]]>=30,"Starter", IF(DraftData[[#This Row],[Win Shares]]>=10,"Rotation","Minimal"))) -> Starter | X73: =IF(AND(DraftData[[#This Row],[Pick]]<=14,DraftData[[#This Row],[Win Shares]]<10),"Yes","No") -> No | Y73: =DraftData[[#This Row],[Win Shares]]/DraftData[[#This Row],[Pick]] -> 5.6416667 | Z73: =DraftData[[#This Row],[Win Shares]]-_xlfn.XLOOKUP(DraftData[[#This Row],[Pick]],'Lookup Tables'!$A$2:$A$31,'Lookup Tables'!$B$2:$B$31) -> 46.383333
A74: 2007 | B74: 13 | C74: CHA | D74: Julian Wright | E74: Kansas | F74: 231 | G74: 3049 | H74: 907 | I74: 531 | J74: 182 | K74: 0.499 | L74: 0.262 | M74: 0.584 | N74: 3.9 | O74: 0.061 | P74: -0.5 | Q74: 1.2 | R74: 13.2 | S74: 3.9 | T74: 2.3 | U74: 0.8 | V74: =IF(DraftData[[#This Row],[Pick]]<=5,"Top 5", IF(DraftData[[#This Row],[Pick]]<=14,"Lottery", IF(DraftData[[#This Row],[Pick]]<=20,"Mid First","Late First"))) -> Lottery | W74: =IF(DraftData[[#This Row],[Win Shares]]>=80,"Star", IF(DraftData[[#This Row],[Win Shares]]>=30,"Starter", IF(DraftData[[#This Row],[Win Shares]]>=10,"Rotation","Minimal"))) -> Minimal | X74: =IF(AND(DraftData[[#This Row],[Pick]]<=14,DraftData[[#This Row],[Win Shares]]<10),"Yes","No") -> Yes | Y74: =DraftData[[#This Row],[Win Shares]]/DraftData[[#This Row],[Pick]] -> 0.3 | Z74: =DraftData[[#This Row],[Win Shares]]-_xlfn.XLOOKUP(DraftData[[#This Row],[Pick]],'Lookup Tables'!$A$2:$A$31,'Lookup Tables'!$B$2:$B$31) -> -15.433333
A75: 2007 | B75: 14 | C75: LAC | D75: Al Thornton | E75: Florida State | F75: 296 | G75: 8274 | H75: 3527 | I75: 1233 | J75: 353 | K75: 0.452 | L75: 0.293 | M75: 0.747 | N75: 6.1 | O75: 0.035 | P75: -3.5 | Q75: -3.2 | R75: 28 | S75: 11.9 | T75: 4.2 | U75: 1.2 | V75: =IF(DraftData[[#This Row],[Pick]]<=5,"Top 5", IF(DraftData[[#This Row],[Pick]]<=14,"Lottery", IF(DraftData[[#This Row],[Pick]]<=20,"Mid First","Late First"))) -> Lottery | W75: =IF(DraftData[[#This Row],[Win Shares]]>=80,"Star", IF(DraftData[[#This Row],[Win Shares]]>=30,"Starter", IF(DraftData[[#This Row],[Win Shares]]>=10,"Rotation","Minimal"))) -> Minimal | X75: =IF(AND(DraftData[[#This Row],[Pick]]<=14,DraftData[[#This Row],[Win Shares]]<10),"Yes","No") -> Yes | Y75: =DraftData[[#This Row],[Win Shares]]/DraftData[[#This Row],[Pick]] -> 0.43571429 | Z75: =DraftData[[#This Row],[Win Shares]]-_xlfn.XLOOKUP(DraftData[[#This Row],[Pick]],'Lookup Tables'!$A$2:$A$31,'Lookup Tables'!$B$2:$B$31) -> -8.65
A76: 2007 | B76: 15 | C76: DET | D76: Rodney Stuckey | E76: Eastern Washington | F76: 651 | G76: 17890 | H76: 8185 | I76: 1912 | J76: 2333 | K76: 0.423 | L76: 0.3 | M76: 0.824 | N76: 28.7 | O76: 0.077 | P76: -0.9 | Q76: 4.9 | R76: 27.5 | S76: 12.6 | T76: 2.9 | U76: 3.6 | V76: =IF(DraftData[[#This Row],[Pick]]<=5,"Top 5", IF(DraftData[[#This Row],[Pick]]<=14,"Lottery", IF(DraftData[[#This Row],[Pick]]<=20,"Mid First","Late First"))) -> Mid First | W76: =IF(DraftData[[#This Row],[Win Shares]]>=80,"Star", IF(DraftData[[#This Row],[Win Shares]]>=30,"Starter", IF(DraftData[[#This Row],[Win Shares]]>=10,"Rotation","Minimal"))) -> Rotation | X76: =IF(AND(DraftData[[#This Row],[Pick]]<=14,DraftData[[#This Row],[Win Shares]]<10),"Yes","No") -> No | Y76: =DraftData[[#This Row],[Win Shares]]/DraftData[[#This Row],[Pick]] -> 1.9133333 | Z76: =DraftData[[#This Row],[Win Shares]]-_xlfn.XLOOKUP(DraftData[[#This Row],[Pick]],'Lookup Tables'!$A$2:$A$31,'Lookup Tables'!$B$2:$B$31) -> 2.9166667
A77: 2007 | B77: 16 | C77: WAS | D77: Nick Young | E77: USC | F77: 720 | G77: 16419 | H77: 8194 | I77: 1427 | J77: 687 | K77: 0.418 | L77: 0.376 | M77: 0.836 | N77: 18.6 | O77: 0.054 | P77: -2.2 | Q77: -0.8 | R77: 22.8 | S77: 11.4 | T77: 2 | U77: 1 | V77: =IF(DraftData[[#This Row],[Pick]]<=5,"Top 5", IF(DraftData[[#This Row],[Pick]]<=14,"Lottery", IF(DraftData[[#This Row],[Pick]]<=20,"Mid First","Late First"))) -> Mid First | W77: =IF(DraftData[[#This Row],[Win Shares]]>=80,"Star", IF(DraftData[[#This Row],[Win Shares]]>=30,"Starter", IF(DraftData[[#This Row],[Win Shares]]>=10,"Rotation","Minimal"))) -> Rotation | X77: =IF(AND(DraftData[[#This Row],[Pick]]<=14,DraftData[[#This Row],[Win Shares]]<10),"Yes","No") -> No | Y77: =DraftData[[#This Row],[Win Shares]]/DraftData[[#This Row],[Pick]] -> 1.1625 | Z77: =DraftData[[#This Row],[Win Shares]]-_xlfn.XLOOKUP(DraftData[[#This Row],[Pick]],'Lookup Tables'!$A$2:$A$31,'Lookup Tables'!$B$2:$B$31) -> 1.6166667
A78: 2007 | B78: 17 | C78: BRK | D78: Sean Williams | E78: Boston College | F78: 137 | G78: 1978 | H78: 581 | I78: 472 | J78: 47 | K78: 0.511 | L78: 0 | M78: 0.624 | N78: 3 | O78: 0.073 | P78: -3.1 | Q78: -0.6 | R78: 14.4 | S78: 4.2 | T78: 3.4 | U78: 0.3 | V78: =IF(DraftData[[#This Row],[Pick]]<=5,"Top 5", IF(DraftData[[#This Row],[Pick]]<=14,"Lottery", IF(DraftData[[#This Row],[Pick]]<=20,"Mid First","Late First"))) -> Mid First | W78: =IF(DraftData[[#This Row],[Win Shares]]>=80,"Star", IF(DraftData[[#This Row],[Win Shares]]>=30,"Starter", IF(DraftData[[#This Row],[Win Shares]]>=10,"Rotation","Minimal"))) -> Minimal | X78: =IF(AND(DraftData[[#This Row],[Pick]]<=14,DraftData[[#This Row],[Win Shares]]<10),"Yes","No") -> No | Y78: =DraftData[[#This Row],[Win Shares]]/DraftData[[#This Row],[Pick]] -> 0.17647059 | Z78: =DraftData[[#This Row],[Win Shares]]-_xlfn.XLOOKUP(DraftData[[#This Row],[Pick]],'Lookup Tables'!$A$2:$A$31,'Lookup Tables'!$B$2:$B$31) -> -14.316667
A79: 2007 | B79: 18 | C79: GSW | D79: Marco Belinelli | F79: 860 | G79: 19548 | H79: 8370 | I79: 1769 | J79: 1429 | K79: 0.424 | L79: 0.376 | M79: 0.846 | N79: 30.5 | O79: 0.075 | P79: -1.3 | Q79: 3.3 | R79: 22.7 | S79: 9.7 | T79: 2.1 | U79: 1.7 | V79: =IF(DraftData[[#This Row],[Pick]]<=5,"Top 5", IF(DraftData[[#This Row],[Pick]]<=14,"Lottery", IF(DraftData[[#This Row],[Pick]]<=20,"Mid First","Late First"))) -> Mid First | W79: =IF(DraftData[[#This Row],[Win Shares]]>=80,"Star", IF(DraftData[[#This Row],[Win Shares]]>=30,"Starter", IF(DraftData[[#This Row],[Win Shares]]>=10,"Rotation","Minimal"))) -> Starter | X79: =IF(AND(DraftData[[#This Row],[Pick]]<=14,DraftData[[#This Row],[Win Shares]]<10),"Yes","No") -> No | Y79: =DraftData[[#This Row],[Win Shares]]/DraftData[[#This Row],[Pick]] -> 1.6944444 | Z79: =DraftData[[#This Row],[Win Shares]]-_xlfn.XLOOKUP(DraftData[[#This Row],[Pick]],'Lookup Tables'!$A$2:$A$31,'Lookup Tables'!$B$2:$B$31) -> 13.191667
A80: 2007 | B80: 19 | C80: LAL | D80: Javaris Crittenton | E80: Georgia Tech | F80: 113 | G80: 1853 | H80: 595 | I80: 276 | J80: 201 | K80: 0.442 | L80: 0.231 | M80: 0.638 | N80: 0.1 | O80: 0.002 | P80: -4.2 | Q80: -1 | R80: 16.4 | S80: 5.3 | T80: 2.4 | U80: 1.8 | V80: =IF(DraftData[[#This Row],[Pick]]<=5,"Top 5", IF(DraftData[[#This Row],[Pick]]<=14,"Lottery", IF(DraftData[[#This Row],[Pick]]<=20,"Mid First","Late First"))) -> Mid First | W80: =IF(DraftData[[#This Row],[Win Shares]]>=80,"Star", IF(DraftData[[#This Row],[Win Shares]]>=30,"Starter", IF(DraftData[[#This Row],[Win Shares]]>=10,"Rotation","Minimal"))) -> Minimal | X80: =IF(AND(DraftData[[#This Row],[Pick]]<=14,DraftData[[#This Row],[Win Shares]]<10),"Yes","No") -> No | Y80: =DraftData[[#This Row],[Win Shares]]/DraftData[[#This Row],[Pick]] -> 0.0052631579 | Z80: =DraftData[[#This Row],[Win Shares]]-_xlfn.XLOOKUP(DraftData[[#This Row],[Pick]],'Lookup Tables'!$A$2:$A$31,'Lookup Tables'!$B$2:$B$31) -> -17.475
A81: 2007 | B81: 20 | C81: MIA | D81: Jason Smith | E81: Colorado State | F81: 616 | G81: 10029 | H81: 3777 | I81: 2075 | J81: 453 | K81: 0.468 | L81: 0.333 | M81: 0.783 | N81: 14.1 | O81: 0.067 | P81: -2.9 | Q81: -2.4 | R81: 16.3 | S81: 6.1 | T81: 3.4 | U81: 0.7 | V81: =IF(DraftData[[#This Row],[Pick]]<=5,"Top 5", IF(DraftData[[#This Row],[Pick]]<=14,"Lottery", IF(DraftData[[#This Row],[Pick]]<=20,"Mid First","Late First"))) -> Mid First | W81: =IF(DraftData[[#This Row],[Win Shares]]>=80,"Star", IF(DraftData[[#This Row],[Win Shares]]>=30,"Starter", IF(DraftData[[#This Row],[Win Shares]]>=10,"Rotation","Minimal"))) -> Rotation | X81: =IF(AND(DraftData[[#This Row],[Pick]]<=14,DraftData[[#This Row],[Win Shares]]<10),"Yes","No") -> No | Y81: =DraftData[[#This Row],[Win Shares]]/DraftData[[#This Row],[Pick]] -> 0.705 | Z81: =DraftData[[#This Row],[Win Shares]]-_xlfn.XLOOKUP(DraftData[[#This Row],[Pick]],'Lookup Tables'!$A$2:$A$31,'Lookup Tables'!$B$2:$B$31) -> 3.7083333
A82: 2007 | B82: 21 | C82: PHI | D82: Daequan Cook | E82: Ohio State | F82: 328 | G82: 5993 | H82: 2114 | I82: 703 | J82: 243 | K82: 0.369 | L82: 0.359 | M82: 0.813 | N82: 4.9 | O82: 0.039 | P82: -2.7 | Q82: -1.1 | R82: 18.3 | S82: 6.4 | T82: 2.1 | U82: 0.7 | V82: =IF(DraftData[[#This Row],[Pick]]<=5,"Top 5", IF(DraftData[[#This Row],[Pick]]<=14,"Lottery", IF(DraftData[[#This Row],[Pick]]<=20,"Mid First","Late First"))) -> Late First | W82: =IF(DraftData[[#This Row],[Win Shares]]>=80,"Star", IF(DraftData[[#This Row],[Win Shares]]>=30,"Starter", IF(DraftData[[#This Row],[Win Shares]]>=10,"Rotation","Minimal"))) -> Minimal | X82: =IF(AND(DraftData[[#This Row],[Pick]]<=14,DraftData[[#This Row],[Win Shares]]<10),"Yes","No") -> No | Y82: =DraftData[[#This Row],[Win Shares]]/DraftData[[#This Row],[Pick]] -> 0.23333333 | Z82: =DraftData[[#This Row],[Win Shares]]-_xlfn.XLOOKUP(DraftData[[#This Row],[Pick]],'Lookup Tables'!$A$2:$A$31,'Lookup Tables'!$B$2:$B$31) -> -15.6
A83: 2007 | B83: 22 | C83: CHA | D83: Jared Dudley | E83: Boston College | F83: 904 | G83: 20117 | H83: 6633 | I83: 2849 | J83: 1394 | K83: 0.463 | L83: 0.393 | M83: 0.732 | N83: 43 | O83: 0.103 | P83: 0.2 | Q83: 11 | R83: 22.3 | S83: 7.3 | T83: 3.2 | U83: 1.5 | V83: =IF(DraftData[[#This Row],[Pick]]<=5,"Top 5", IF(DraftData[[#This Row],[Pick]]<=14,"Lottery", IF(DraftData[[#This Row],[Pick]]<=20,"Mid First","Late First"))) -> Late First | W83: =IF(DraftData[[#This Row],[Win Shares]]>=80,"Star", IF(DraftData[[#This Row],[Win Shares]]>=30,"Starter", IF(DraftData[[#This Row],[Win Shares]]>=10,"Rotation","Minimal"))) -> Starter | X83: =IF(AND(DraftData[[#This Row],[Pick]]<=14,DraftData[[#This Row],[Win Shares]]<10),"Yes","No") -> No | Y83: =DraftData[[#This Row],[Win Shares]]/DraftData[[#This Row],[Pick]] -> 1.9545455 | Z83: =DraftData[[#This Row],[Win Shares]]-_xlfn.XLOOKUP(DraftData[[#This Row],[Pick]],'Lookup Tables'!$A$2:$A$31,'Lookup Tables'!$B$2:$B$31) -> 24.516667
A84: 2007 | B84: 23 | C84: NYK | D84: Wilson Chandler | E84: DePaul | F84: 676 | G84: 20287 | H84: 8463 | I84: 3574 | J84: 1205 | K84: 0.443 | L84: 0.341 | M84: 0.77 | N84: 29 | O84: 0.069 | P84: -1.3 | Q84: 3.5 | R84: 30 | S84: 12.5 | T84: 5.3 | U84: 1.8 | V84: =IF(DraftData[[#This Row],[Pick]]<=5,"Top 5", IF(DraftData[[#This Row],[Pick]]<=14,"Lottery", IF(DraftData[[#This Row],[Pick]]<=20,"Mid First","Late First"))) -> Late First | W84: =IF(DraftData[[#This Row],[Win Shares]]>=80,"Star", IF(DraftData[[#This Row],[Win Shares]]>=30,"Starter", IF(DraftData[[#This Row],[Win Shares]]>=10,"Rotation","Minimal"))) -> Rotation | X84: =IF(AND(DraftData[[#This Row],[Pick]]<=14,DraftData[[#This Row],[Win Shares]]<10),"Yes","No") -> No | Y84: =DraftData[[#This Row],[Win Shares]]/DraftData[[#This Row],[Pick]] -> 1.2608696 | Z84: =DraftData[[#This Row],[Win Shares]]-_xlfn.XLOOKUP(DraftData[[#This Row],[Pick]],'Lookup Tables'!$A$2:$A$31,'Lookup Tables'!$B$2:$B$31) -> 12.358333
A85: 2007 | B85: 24 | C85: PHO | D85: Rudy Fernández | F85: 249 | G85: 5965 | H85: 2254 | I85: 608 | J85: 554 | K85: 0.399 | L85: 0.36 | M85: 0.84 | N85: 14.2 | O85: 0.114 | P85: 1.7 | Q85: 5.6 | R85: 24 | S85: 9.1 | T85: 2.4 | U85: 2.2 | V85: =IF(DraftData[[#This Row],[Pick]]<=5,"Top 5", IF(DraftData[[#This Row],[Pick]]<=14,"Lottery", IF(DraftData[[#This Row],[Pick]]<=20,"Mid First","Late First"))) -> Late First | W85: =IF(DraftData[[#This Row],[Win Shares]]>=80,"Star", IF(DraftData[[#This Row],[Win Shares]]>=30,"Starter", IF(DraftData[[#This Row],[Win Shares]]>=10,"Rotation","Minimal"))) -> Rotation | X85: =IF(AND(DraftData[[#This Row],[Pick]]<=14,DraftData[[#This Row],[Win Shares]]<10),"Yes","No") -> No | Y85: =DraftData[[#This Row],[Win Shares]]/DraftData[[#This Row],[Pick]] -> 0.59166667 | Z85: =DraftData[[#This Row],[Win Shares]]-_xlfn.XLOOKUP(DraftData[[#This Row],[Pick]],'Lookup Tables'!$A$2:$A$31,'Lookup Tables'!$B$2:$B$31) -> -10.3
A86: 2007 | B86: 25 | C86: UTA | D86: Morris Almond | E86: Rice University | F86: 38 | G86: 361 | H86: 119 | I86: 46 | J86: 12 | K86: 0.381 | L86: 0.292 | M86: 0.743 | N86: 0 | O86: 0.005 | P86: -6.1 | Q86: -0.4 | R86: 9.5 | S86: 3.1 | T86: 1.2 | U86: 0.3 | V86: =IF(DraftData[[#This Row],[Pick]]<=5,"Top 5", IF(DraftData[[#This Row],[Pick]]<=14,"Lottery", IF(DraftData[[#This Row],[Pick]]<=20,"Mid First","Late First"))) -> Late First | W86: =IF(DraftData[[#This Row],[Win Shares]]>=80,"Star", IF(DraftData[[#This Row],[Win Shares]]>=30,"Starter", IF(DraftData[[#This Row],[Win Shares]]>=10,"Rotation","Minimal"))) -> Minimal | X86: =IF(AND(DraftData[[#This Row],[Pick]]<=14,DraftData[[#This Row],[Win Shares]]<10),"Yes","No") -> No | Y86: =DraftData[[#This Row],[Win Shares]]/DraftData[[#This Row],[Pick]] -> 0 | Z86: =DraftData[[#This Row],[Win Shares]]-_xlfn.XLOOKUP(DraftData[[#This Row],[Pick]],'Lookup Tables'!$A$2:$A$31,'Lookup Tables'!$B$2:$B$31) -> -12.9
A87: 2007 | B87: 26 | C87: HOU | D87: Aaron Brooks | E87: Oregon | F87: 645 | G87: 13439 | H87: 6259 | I87: 1079 | J87: 1925 | K87: 0.413 | L87: 0.37 | M87: 0.837 | N87: 19.2 | O87: 0.069 | P87: -1.2 | Q87: 2.7 | R87: 20.8 | S87: 9.7 | T87: 1.7 | U87: 3 | V87: =IF(DraftData[[#This Row],[Pick]]<=5,"Top 5", IF(DraftData[[#This Row],[Pick]]<=14,"Lottery", IF(DraftData[[#This Row],[Pick]]<=20,"Mid First","Late First"))) -> Late First | W87: =IF(DraftData[[#This Row],[Win Shares]]>=80,"Star", IF(DraftData[[#This Row],[Win Shares]]>=30,"Starter", IF(DraftData[[#This Row],[Win Shares]]>=10,"Rotation","Minimal"))) -> Rotation | X87: =IF(AND(DraftData[[#This Row],[Pick]]<=14,DraftData[[#This Row],[Win Shares]]<10),"Yes","No") -> No | Y87: =DraftData[[#This Row],[Win Shares]]/DraftData[[#This Row],[Pick]] -> 0.73846154 | Z87: =DraftData[[#This Row],[Win Shares]]-_xlfn.XLOOKUP(DraftData[[#This Row],[Pick]],'Lookup Tables'!$A$2:$A$31,'Lookup Tables'!$B$2:$B$31) -> -1.2
A88: 2007 | B88: 27 | C88: DET | D88: Arron Afflalo | E88: UCLA | F88: 762 | G88: 20829 | H88: 8198 | I88: 2176 | J88: 1386 | K88: 0.45 | L88: 0.386 | M88: 0.825 | N88: 33.5 | O88: 0.077 | P88: -1.5 | Q88: 2.4 | R88: 27.3 | S88: 10.8 | T88: 2.9 | U88: 1.8 | V88: =IF(DraftData[[#This Row],[Pick]]<=5,"Top 5", IF(DraftData[[#This Row],[Pick]]<=14,"Lottery", IF(DraftData[[#This Row],[Pick]]<=20,"Mid First","Late First"))) -> Late First | W88: =IF(DraftData[[#This Row],[Win Shares]]>=80,"Star", IF(DraftData[[#This Row],[Win Shares]]>=30,"Starter", IF(DraftData[[#This Row],[Win Shares]]>=10,"Rotation","Minimal"))) -> Starter | X88: =IF(AND(DraftData[[#This Row],[Pick]]<=14,DraftData[[#This Row],[Win Shares]]<10),"Yes","No") -> No | Y88: =DraftData[[#This Row],[Win Shares]]/DraftData[[#This Row],[Pick]] -> 1.2407407 | Z88: =DraftData[[#This Row],[Win Shares]]-_xlfn.XLOOKUP(DraftData[[#This Row],[Pick]],'Lookup Tables'!$A$2:$A$31,'Lookup Tables'!$B$2:$B$31) -> 12.391667
A89: 2007 | B89: 28 | C89: SAS | D89: Tiago Splitter | F89: 355 | G89: 6812 | H89: 2816 | I89: 1779 | J89: 423 | K89: 0.555 | L89: 0.143 | M89: 0.697 | N89: 25.3 | O89: 0.178 | P89: 1.1 | Q89: 5.4 | R89: 19.2 | S89: 7.9 | T89: 5 | U89: 1.2 | V89: =IF(DraftData[[#This Row],[Pick]]<=5,"Top 5", IF(DraftData[[#This Row],[Pick]]<=14,"Lottery", IF(DraftData[[#This Row],[Pick]]<=20,"Mid First","Late First"))) -> Late First | W89: =IF(DraftData[[#This Row],[Win Shares]]>=80,"Star", IF(DraftData[[#This Row],[Win Shares]]>=30,"Starter", IF(DraftData[[#This Row],[Win Shares]]>=10,"Rotation","Minimal"))) -> Rotation | X89: =IF(AND(DraftData[[#This Row],[Pick]]<=14,DraftData[[#This Row],[Win Shares]]<10),"Yes","No") -> No | Y89: =DraftData[[#This Row],[Win Shares]]/DraftData[[#This Row],[Pick]] -> 0.90357143 | Z89: =DraftData[[#This Row],[Win Shares]]-_xlfn.XLOOKUP(DraftData[[#This Row],[Pick]],'Lookup Tables'!$A$2:$A$31,'Lookup Tables'!$B$2:$B$31) -> 16.654545
A90: 2007 | B90: 29 | C90: PHO | D90: Alando Tucker | E90: Wisconsin | F90: 51 | G90: 426 | H90: 211 | I90: 49 | J90: 16 | K90: 0.423 | L90: 0.294 | M90: 0.783 | N90: 0.4 | O90: 0.045 | P90: -4.5 | Q90: -0.3 | R90: 8.4 | S90: 4.1 | T90: 1 | U90: 0.3 | V90: =IF(DraftData[[#This Row],[Pick]]<=5,"Top 5", IF(DraftData[[#This Row],[Pick]]<=14,"Lottery", IF(DraftData[[#This Row],[Pick]]<=20,"Mid First","Late First"))) -> Late First | W90: =IF(DraftData[[#This Row],[Win Shares]]>=80,"Star", IF(DraftData[[#This Row],[Win Shares]]>=30,"Starter", IF(DraftData[[#This Row],[Win Shares]]>=10,"Rotation","Minimal"))) -> Minimal | X90: =IF(AND(DraftData[[#This Row],[Pick]]<=14,DraftData[[#This Row],[Win Shares]]<10),"Yes","No") -> No | Y90: =DraftData[[#This Row],[Win Shares]]/DraftData[[#This Row],[Pick]] -> 0.013793103 | Z90: =DraftData[[#This Row],[Win Shares]]-_xlfn.XLOOKUP(DraftData[[#This Row],[Pick]],'Lookup Tables'!$A$2:$A$31,'Lookup Tables'!$B$2:$B$31) -> -4.6666667
A91: 2007 | B91: 30 | C91: PHI | D91: Petteri Koponen | V91: =IF(DraftData[[#This Row],[Pick]]<=5,"Top 5", IF(DraftData[[#This Row],[Pick]]<=14,"Lottery", IF(DraftData[[#This Row],[Pick]]<=20,"Mid First","Late First"))) -> Late First | W91: =IF(DraftData[[#This Row],[Win Shares]]>=80,"Star", IF(DraftData[[#This Row],[Win Shares]]>=30,"Starter", IF(DraftData[[#This Row],[Win Shares]]>=10,"Rotation","Minimal"))) -> Minimal | X91: =IF(AND(DraftData[[#This Row],[Pick]]<=14,DraftData[[#This Row],[Win Shares]]<10),"Yes","No") -> No | Y91: =DraftData[[#This Row],[Win Shares]]/DraftData[[#This Row],[Pick]] -> 0 | Z91: =DraftData[[#This Row],[Win Shares]]-_xlfn.XLOOKUP(DraftData[[#This Row],[Pick]],'Lookup Tables'!$A$2:$A$31,'Lookup Tables'!$B$2:$B$31) -> -20.718182
A92: 2008 | B92: 1 | C92: CHI | D92: Derrick Rose | E92: Memphis | F92: 672 | G92: 21317 | H92: 12230 | I92: 2239 | J92: 3646 | K92: 0.457 | L92: 0.316 | M92: 0.83 | N92: 44.2 | O92: 0.1 | P92: 1.4 | Q92: 18.4 | R92: 31.7 | S92: 18.2 | T92: 3.3 | U92: 5.4 | V92: =IF(DraftData[[#This Row],[Pick]]<=5,"Top 5", IF(DraftData[[#This Row],[Pick]]<=14,"Lottery", IF(DraftData[[#This Row],[Pick]]<=20,"Mid First","Late First"))) -> Top 5 | W92: =IF(DraftData[[#This Row],[Win Shares]]>=80,"Star", IF(DraftData[[#This Row],[Win Shares]]>=30,"Starter", IF(DraftData[[#This Row],[Win Shares]]>=10,"Rotation","Minimal"))) -> Starter | X92: =IF(AND(DraftData[[#This Row],[Pick]]<=14,DraftData[[#This Row],[Win Shares]]<10),"Yes","No") -> No | Y92: =DraftData[[#This Row],[Win Shares]]/DraftData[[#This Row],[Pick]] -> 44.2 | Z92: =DraftData[[#This Row],[Win Shares]]-_xlfn.XLOOKUP(DraftData[[#This Row],[Pick]],'Lookup Tables'!$A$2:$A$31,'Lookup Tables'!$B$2:$B$31) -> 0.61666667
A93: 2008 | B93: 2 | C93: MIA | D93: Michael Beasley | E93: Kansas State | F93: 609 | G93: 13903 | H93: 7568 | I93: 2861 | J93: 788 | K93: 0.465 | L93: 0.349 | M93: 0.759 | N93: 15.6 | O93: 0.054 | P93: -1.7 | Q93: 0.9 | R93: 22.8 | S93: 12.4 | T93: 4.7 | U93: 1.3 | V93: =IF(DraftData[[#This Row],[Pick]]<=5,"Top 5", IF(DraftData[[#This Row],[Pick]]<=14,"Lottery", IF(DraftData[[#This Row],[Pick]]<=20,"Mid First","Late First"))) -> Top 5 | W93: =IF(DraftData[[#This Row],[Win Shares]]>=80,"Star", IF(DraftData[[#This Row],[Win Shares]]>=30,"Starter", IF(DraftData[[#This Row],[Win Shares]]>=10,"Rotation","Minimal"))) -> Rotation | X93: =IF(AND(DraftData[[#This Row],[Pick]]<=14,DraftData[[#This Row],[Win Shares]]<10),"Yes","No") -> No | Y93: =DraftData[[#This Row],[Win Shares]]/DraftData[[#This Row],[Pick]] -> 7.8 | Z93: =DraftData[[#This Row],[Win Shares]]-_xlfn.XLOOKUP(DraftData[[#This Row],[Pick]],'Lookup Tables'!$A$2:$A$31,'Lookup Tables'!$B$2:$B$31) -> -24.191667
A94: 2008 | B94: 3 | C94: MIN | D94: O.J. Mayo | E94: USC | F94: 547 | G94: 16919 | H94: 7574 | I94: 1706 | J94: 1607 | K94: 0.429 | L94: 0.373 | M94: 0.82 | N94: 21.8 | O94: 0.062 | P94: -0.9 | Q94: 4.7 | R94: 30.9 | S94: 13.8 | T94: 3.1 | U94: 2.9 | V94: =IF(DraftData[[#This Row],[Pick]]<=5,"Top 5", IF(DraftData[[#This Row],[Pick]]<=14,"Lottery", IF(DraftData[[#This Row],[Pick]]<=20,"Mid First","Late First"))) -> Top 5 | W94: =IF(DraftData[[#This Row],[Win Shares]]>=80,"Star", IF(DraftData[[#This Row],[Win Shares]]>=30,"Starter", IF(DraftData[[#This Row],[Win Shares]]>=10,"Rotation","Minimal"))) -> Rotation | X94: =IF(AND(DraftData[[#This Row],[Pick]]<=14,DraftData[[#This Row],[Win Shares]]<10),"Yes","No") -> No | Y94: =DraftData[[#This Row],[Win Shares]]/DraftData[[#This Row],[Pick]] -> 7.2666667 | Z94: =DraftData[[#This Row],[Win Shares]]-_xlfn.XLOOKUP(DraftData[[#This Row],[Pick]],'Lookup Tables'!$A$2:$A$31,'Lookup Tables'!$B$2:$B$31) -> -28.966667
A95: 2008 | B95: 4 | C95: OKC | D95: Russell Westbrook | E95: UCLA | F95: 1000 | G95: 34718 | H95: 22899 | I95: 7405 | J95: 8491 | K95: 0.437 | L95: 0.305 | M95: 0.785 | N95: 106.4 | O95: 0.147 | P95: 4.4 | Q95: 55.8 | R95: 34.7 | S95: 22.9 | T95: 7.4 | U95: 8.5 | V95: =IF(DraftData[[#This Row],[Pick]]<=5,"Top 5", IF(DraftData[[#This Row],[Pick]]<=14,"Lottery", IF(DraftData[[#This Row],[Pick]]<=20,"Mid First","Late First"))) -> Top 5 | W95: =IF(DraftData[[#This Row],[Win Shares]]>=80,"Star", IF(DraftData[[#This Row],[Win Shares]]>=30,"Starter", IF(DraftData[[#This Row],[Win Shares]]>=10,"Rotation","Minimal"))) -> Star | X95: =IF(AND(DraftData[[#This Row],[Pick]]<=14,DraftData[[#This Row],[Win Shares]]<10),"Yes","No") -> No | Y95: =DraftData[[#This Row],[Win Shares]]/DraftData[[#This Row],[Pick]] -> 26.6 | Z95: =DraftData[[#This Row],[Win Shares]]-_xlfn.XLOOKUP(DraftData[[#This Row],[Pick]],'Lookup Tables'!$A$2:$A$31,'Lookup Tables'!$B$2:$B$31) -> 57.841667
A96: 2008 | B96: 5 | C96: MEM | D96: Kevin Love | E96: UCLA | F96: 788 | G96: 24542 | H96: 14013 | I96: 8497 | J96: 1867 | K96: 0.441 | L96: 0.372 | M96: 0.829 | N96: 87.5 | O96: 0.171 | P96: 3.4 | Q96: 33.5 | R96: 31.1 | S96: 17.8 | T96: 10.8 | U96: 2.4 | V96: =IF(DraftData[[#This Row],[Pick]]<=5,"Top 5", IF(DraftData[[#This Row],[Pick]]<=14,"Lottery", IF(DraftData[[#This Row],[Pick]]<=20,"Mid First","Late First"))) -> Top 5 | W96: =IF(DraftData[[#This Row],[Win Shares]]>=80,"Star", IF(DraftData[[#This Row],[Win Shares]]>=30,"Starter", IF(DraftData[[#This Row],[Win Shares]]>=10,"Rotation","Minimal"))) -> Star | X96: =IF(AND(DraftData[[#This Row],[Pick]]<=14,DraftData[[#This Row],[Win Shares]]<10),"Yes","No") -> No | Y96: =DraftData[[#This Row],[Win Shares]]/DraftData[[#This Row],[Pick]] -> 17.5 | Z96: =DraftData[[#This Row],[Win Shares]]-_xlfn.XLOOKUP(DraftData[[#This Row],[Pick]],'Lookup Tables'!$A$2:$A$31,'Lookup Tables'!$B$2:$B$31) -> 56.141667
A97: 2008 | B97: 6 | C97: NYK | D97: Danilo Gallinari | F97: 709 | G97: 21209 | H97: 11053 | I97: 3408 | J97: 1377 | K97: 0.427 | L97: 0.383 | M97: 0.877 | N97: 62.9 | O97: 0.142 | P97: 1.8 | Q97: 20.5 | R97: 29.9 | S97: 15.6 | T97: 4.8 | U97: 1.9 | V97: =IF(DraftData[[#This Row],[Pick]]<=5,"Top 5", IF(DraftData[[#This Row],[Pick]]<=14,"Lottery", IF(DraftData[[#This Row],[Pick]]<=20,"Mid First","Late First"))) -> Lottery | W97: =IF(DraftData[[#This Row],[Win Shares]]>=80,"Star", IF(DraftData[[#This Row],[Win Shares]]>=30,"Starter", IF(DraftData[[#This Row],[Win Shares]]>=10,"Rotation","Minimal"))) -> Starter | X97: =IF(AND(DraftData[[#This Row],[Pick]]<=14,DraftData[[#This Row],[Win Shares]]<10),"Yes","No") -> No | Y97: =DraftData[[#This Row],[Win Shares]]/DraftData[[#This Row],[Pick]] -> 10.483333 | Z97: =DraftData[[#This Row],[Win Shares]]-_xlfn.XLOOKUP(DraftData[[#This Row],[Pick]],'Lookup Tables'!$A$2:$A$31,'Lookup Tables'!$B$2:$B$31) -> 35.241667
A98: 2008 | B98: 7 | C98: LAC | D98: Eric Gordon | E98: Indiana | F98: 739 | G98: 23982 | H98: 12169 | I98: 1793 | J98: 2107 | K98: 0.428 | L98: 0.37 | M98: 0.81 | N98: 36.3 | O98: 0.073 | P98: -0.5 | Q98: 8.9 | R98: 32.5 | S98: 16.5 | T98: 2.4 | U98: 2.9 | V98: =IF(DraftData[[#This Row],[Pick]]<=5,"Top 5", IF(DraftData[[#This Row],[Pick]]<=14,"Lottery", IF(DraftData[[#This Row],[Pick]]<=20,"Mid First","Late First"))) -> Lottery | W98: =IF(DraftData[[#This Row],[Win Shares]]>=80,"Star", IF(DraftData[[#This Row],[Win Shares]]>=30,"Starter", IF(DraftData[[#This Row],[Win Shares]]>=10,"Rotation","Minimal"))) -> Starter | X98: =IF(AND(DraftData[[#This Row],[Pick]]<=14,DraftData[[#This Row],[Win Shares]]<10),"Yes","No") -> No | Y98: =DraftData[[#This Row],[Win Shares]]/DraftData[[#This Row],[Pick]] -> 5.1857143 | Z98: =DraftData[[#This Row],[Win Shares]]-_xlfn.XLOOKUP(DraftData[[#This Row],[Pick]],'Lookup Tables'!$A$2:$A$31,'Lookup Tables'!$B$2:$B$31) -> 2.325
A99: 2008 | B99: 8 | C99: MIL | D99: Joe Alexander | E99: West Virginia | F99: 67 | G99: 745 | H99: 282 | I99: 120 | J99: 44 | K99: 0.41 | L99: 0.34 | M99: 0.698 | N99: 0.5 | O99: 0.03 | P99: -3.6 | Q99: -0.3 | R99: 11.1 | S99: 4.2 | T99: 1.8 | U99: 0.7 | V99: =IF(DraftData[[#This Row],[Pick]]<=5,"Top 5", IF(DraftData[[#This Row],[Pick]]<=14,"Lottery", IF(DraftData[[#This Row],[Pick]]<=20,"Mid First","Late First"))) -> Lottery | W99: =IF(DraftData[[#This Row],[Win Shares]]>=80,"Star", IF(DraftData[[#This Row],[Win Shares]]>=30,"Starter", IF(DraftData[[#This Row],[Win Shares]]>=10,"Rotation","Minimal"))) -> Minimal | X99: =IF(AND(DraftData[[#This Row],[Pick]]<=14,DraftData[[#This Row],[Win Shares]]<10),"Yes","No") -> Yes | Y99: =DraftData[[#This Row],[Win Shares]]/DraftData[[#This Row],[Pick]] -> 0.0625 | Z99: =DraftData[[#This Row],[Win Shares]]-_xlfn.XLOOKUP(DraftData[[#This Row],[Pick]],'Lookup Tables'!$A$2:$A$31,'Lookup Tables'!$B$2:$B$31) -> -20.658333
A100: 2008 | B100: 9 | C100: CHA | D100: D.J. Augustin | E100: Texas | F100: 955 | G100: 22478 | H100: 9147 | I100: 1778 | J100: 3728 | K100: 0.411 | L100: 0.38 | M100: 0.867 | N100: 47 | O100: 0.1 | P100: -0.7 | Q100: 7.6 | R100: 23.5 | S100: 9.6 | T100: 1.9 | U100: 3.9 | V100: =IF(DraftData[[#This Row],[Pick]]<=5,"Top 5", IF(DraftData[[#This Row],[Pick]]<=14,"Lottery", IF(DraftData[[#This Row],[Pick]]<=20,"Mid First","Late First"))) -> Lottery | W100: =IF(DraftData[[#This Row],[Win Shares]]>=80,"Star", IF(DraftData[[#This Row],[Win Shares]]>=30,"Starter", IF(DraftData[[#This Row],[Win Shares]]>=10,"Rotation","Minimal"))) -> Starter | X100: =IF(AND(DraftData[[#This Row],[Pick]]<=14,DraftData[[#This Row],[Win Shares]]<10),"Yes","No") -> No | Y100: =DraftData[[#This Row],[Win Shares]]/DraftData[[#This Row],[Pick]] -> 5.2222222 | Z100: =DraftData[[#This Row],[Win Shares]]-_xlfn.XLOOKUP(DraftData[[#This Row],[Pick]],'Lookup Tables'!$A$2:$A$31,'Lookup Tables'!$B$2:$B$31) -> 9.6083333
...

Sheet Methodology
A1: Dataset: First-round NBA draft picks from 2005–2016. Career statistics reflect player performance through the conclusion of the 2021–22 NBA season. The study focuses on draft classes through 2016 so that each player had at least six NBA seasons to develop by the end of the observation period.

Sheet Pivot Tables
A2: Pick Range | B2: Average Win Shares
A3: Late First | B3: 16.904274
A4: Lottery | B4: 25.036449
A5: Mid First | B5: 17.559722
A6: Top 5 | B6: 42.811667
A7: Grand Total | B7: 23.847472
A9: Pick Range | B9: Average Games
A10: Late First | B10: 353.17094
A11: Lottery | B11: 485.15888
A12: Mid First | B12: 397.31944
A13: Top 5 | B13: 569.36667
A14: Grand Total | B14: 438.20787
A16: Pick Range | B16: Average BPM
A17: Late First | B17: -1.7504274
A18: Lottery | B18: -0.82149533
A19: Mid First | B19: -1.7222222
A20: Top 5 | B20: 0.43666667
A21: Grand Total | B21: -1.0969101
A23: Count of Bust? | B23: Bust?
A24: Pick Range | B24: No | C24: Yes | D24: Grand Total
A25: Late First | B25: 120 | D25: 120
A26: Lottery | B26: 72 | C26: 36 | D26: 108
A27: Mid First | B27: 72 | D27: 72
A28: Top 5 | B28: 48 | C28: 12 | D28: 60
A29: Grand Total | B29: 312 | C29: 48 | D29: 360
A31: Career Tier | B31: Count of Player
A32: Minimal | B32: 147
A33: Rotation | B33: 116
A34: Star | B34: 17
A35: Starter | B35: 80
A36: Grand Total | B36: 360
A38: Pick | B38: Average Win Shares
A39: 1 | B39: 43.583333
A40: 2 | B40: 39.791667
A41: 3 | B41: 50.766667
A42: 4 | B42: 48.558333
A43: 5 | B43: 31.358333
A44: 6 | B44: 27.658333
A45: 7 | B45: 33.975
A46: 8 | B46: 21.158333
A47: 9 | B47: 37.391667
A48: 10 | B48: 26.85
A49: 11 | B49: 22.7
A50: 12 | B50: 21.316667
... A68: 30 | B68: 20.718182
A69: Grand Total | B69: 23.847472

Sheet Charts

Sheet Lookup Tables
A1: Pick | B1: Average Win Shares
A2: 1 | B2: 43.583333
A3: 2 | B3: 39.791667
A4: 3 | B4: 50.766667
A5: 4 | B5: 48.558333
A6: 5 | B6: 31.358333
A7: 6 | B7: 27.658333
A8: 7 | B8: 33.975
A9: 8 | B9: 21.158333
A10: 9 | B10: 37.391667
A11: 10 | B11: 26.85
A12: 11 | B12: 22.7
A13: 12 | B13: 21.316667
... A31: 30 | B31: 20.718182
A32: Grand Total | B32: 23.847472
